구분,상담 주제,발화 주체,발화 내용,,,,,,,,,,,
001,진로 탐색,선생님,어서 오렴. 그동안 잘 지냈지? 오늘은 뭘 도와줄까?,,,,,,,,,,,
,,학생,"선생님. 제가 00이가 되고 싶은데요, 이 분야에 대해 어떻게 생각하세요? ",,,,,,,,,,,
,,선생님,"오~ 그래 , 은서이 00이가 되고 싶다니, 멋진걸~ 언제부터 그런 생각을 했니?",,,,,,,,,,,
,,학생,"최근에 친구들과 이야기 하면서(부모님과 이야기하면서, 관련 특강을 듣고나서) 그 분야에 관심이 생겼어요, 그런데 그 분야에 대해 조금더 알고 싶어요",,,,,,,,,,,
,,선생님,"그렇구나, 그럼 선생님과 그 00 분야에 대해 함께 알아볼까~",,,,,,,,,,,
002,진로 탐색,선생님,어서 오렴. 그동안 잘 지냈지? 오늘은 뭘 도와줄까?,,,,,,,,,,,
,,학생,"선생님~ 다른 친구들은 하나씩 진로를 정하는데, 저는 아직 뭘 해야 될지 모르겠어요",,,,,,,,,,,
,,선생님,은서가 진로를 정하지 못해 조급해 하는구나.,,,,,,,,,,,
,,학생,"조급하기도 하고, 내년 과목도 선택해야 하는데, 진로를 정하지 못해서 어떤 과목을 선택해야 할지 모르겠어요",,,,,,,,,,,
,,선생님,"그렇구나. 그럼 선생님과 진로 탐색 검사도 하면서, 네 진로에 대해 고민해보고, 그것에 맟춰 과목 선택도 고민해 볼까?",,,,,,,,,,,
003,진로 탐색,선생님,"진로에 대해 고민이 있다고 했는데, 어떤 부분이 가장 고민인가요?",,,,,,,,,,,
,,학생,제가 어떤 직업이 저한테 맞는지 잘 모르겠어요.,,,,,,,,,,,
,,선생님,어떤 분야에 관심이 있는지 생각해본 적 있나요?,,,,,,,,,,,
,,학생,특별히 떠오르는 건 없어요. 그냥 막연해요.,,,,,,,,,,,
,,선생님,"그렇다면, 일단 자신이 좋아하는 활동이나 흥미 있는 분야를 찾아보는 게 좋겠어요. 최근에 흥미를 느꼈던 활동이 있나요?",,,,,,,,,,,
,,학생,운동이나 사람들과 이야기하는 게 재밌어요.,,,,,,,,,,,
,,선생님,"그러면 사람과 소통하거나 팀을 이루는 직업을 고려해볼 수 있을 것 같네요. 예를 들어, 상담사나 스포츠 관련 직업은 어때요?",,,,,,,,,,,
,,학생,"상담사는 좀 관심이 가는데, 구체적으로 어떤 일을 하는지 모르겠어요.",,,,,,,,,,,
,,선생님,상담사는 사람들의 문제를 듣고 해결을 도와주는 역할을 해요. 사람의 심리를 이해하고 도움을 줄 수 있다는 점에서 보람을 느낄 수 있죠.,,,,,,,,,,,
,,학생,상담사라는 직업에 대해 좀 더 알아보고 싶어요.,,,,,,,,,,,
,,선생님,좋아요. 다음 상담 때 구체적으로 상담사가 되기 위한 과정에 대해 이야기해볼까요?,,,,,,,,,,,
004,진로 탐색,선생님,진로 탐색에 대해 더 고민해보았나요?,,,,,,,,,,,
,,학생,"네, 상담사라는 직업에 관심이 생겼어요.",,,,,,,,,,,
,,선생님,좋은 선택이에요. 상담사가 되려면 심리학이나 상담학을 전공하는 게 도움이 돼요.,,,,,,,,,,,
,,학생,그렇군요. 그런데 심리학을 전공하려면 어떤 준비를 해야 할까요?,,,,,,,,,,,
,,선생님,"우선, 심리학과에 진학하기 위해 내신과 수능 준비가 중요해요. 심리학과는 경쟁이 치열한 편이라 성적 관리가 필요하죠.",,,,,,,,,,,
,,학생,"네, 성적은 어느 정도 나오는데, 활동은 어떻게 해야 할지 모르겠어요.",,,,,,,,,,,
,,선생님,심리 관련 봉사활동이나 동아리 활동을 추천해요. 학교에서 그런 활동을 찾을 수 있을 거예요.,,,,,,,,,,,
,,학생,봉사활동이나 동아리 활동도 중요한가요?,,,,,,,,,,,
,,선생님,"네, 심리학은 사람을 이해하는 학문이기 때문에 다양한 사람들과의 경험이 중요해요.",,,,,,,,,,,
,,학생,그럼 봉사활동을 통해 사람들을 돕는 경험을 쌓아보면 좋겠네요.,,,,,,,,,,,
,,선생님,맞아요. 경험을 통해 자신에게 맞는지 확인해볼 수 있을 거예요.,,,,,,,,,,,
005,진로 탐색,학생,"선생님, 진로 때문에 고민이 많아서 상담을 받고 싶어요.",,,,,,,,,,,
,,선생님,"그래, 어떤 점이 가장 고민되니? 구체적으로 이야기해줄 수 있겠니?",,,,,,,,,,,
,,학생,어떤 직업이나 학과를 선택해야 할지 모르겠어요. 저에게 맞는 길이 무엇인지 알고 싶어요.,,,,,,,,,,,
,,선생님,혹시 관심 있는 분야나 좋아하는 과목이 있니?,,,,,,,,,,,
,,학생,"수학과 과학을 좋아하지만, 예술에도 관심이 많아요. 둘 다 포기하기 힘들어요.",,,,,,,,,,,
,,선생님,그렇구나. 그러면 너의 강점이나 잘하는 부분은 무엇이라고 생각하니?,,,,,,,,,,,
,,학생,"창의적인 활동을 즐기고, 논리적인 문제 해결도 잘하는 편이에요.",,,,,,,,,,,
,,선생님,부모님께서는 어떤 의견을 가지고 계시니?,,,,,,,,,,,
,,학생,부모님은 안정적인 직업을 원하셔서 공대나 의대를 추천하세요. 하지만 저는 꼭 그 길이 맞는지 확신이 안 서요.,,,,,,,,,,,
,,선생님,네 마음속에서는 어떤 방향을 원하니?,,,,,,,,,,,
,,학생,"저의 흥미를 따라가고 싶지만, 미래에 대한 불안도 있어요",,,,,,,,,,,
,,선생님,이번 상담을 통해 어떤 목표를 이루고 싶니?,,,,,,,,,,,
,,학생,"저에게 적합한 직업이나 학과를 찾고, 어떻게 준비해야 할지 계획을 세우고 싶어요.",,,,,,,,,,,
,,선생님,"좋아. 그럼 우리가 함께 직업과 학과에 대한 정보를 탐색하고, 너의 흥미와 강점을 분석해보자. 필요하다면 진로 적성 검사도 해볼 수 있어.",,,,,,,,,,,
,,학생,"네, 그렇게 하면 좋을 것 같아요.",,,,,,,,,,,
,,선생님,또 필요한 것이 있니? 혹시 부모님과의 의견 차이로 어려움을 겪고 있니?,,,,,,,,,,,
,,학생,"네, 부모님과 어떻게 대화해야 할지 모르겠어요.",,,,,,,,,,,
,,선생님,그 부분도 함께 고민해보자. 부모님께 너의 생각을 잘 전달할 수 있는 방법을 찾아보자.,,,,,,,,,,,
,,학생,"감사합니다, 선생님. 많은 도움이 될 것 같아요.",,,,,,,,,,,
006,진로 탐색,학생,"선생님, 진로 때문에 고민이 많아서 상담을 받고 싶어요.",,,,,,,,,,,
,,선생님,"선생님: 그래, 어떤 점이 가장 고민되니? 구체적으로 이야기해줄 수 있겠니?",,,,,,,,,,,
,,학생,어떤 직업이나 학과를 선택해야 할지 모르겠어요. 저에게 맞는 길이 무엇인지 알고 싶어요.,,,,,,,,,,,
,,선생님,혹시 관심 있는 분야나 좋아하는 과목이 있니?,,,,,,,,,,,
,,학생,"수학과 과학을 좋아하지만, 예술에도 관심이 많아요. 둘 다 포기하기 힘들어요.",,,,,,,,,,,
,,선생님,그렇구나. 그러면 너의 강점이나 잘하는 부분은 무엇이라고 생각하니?,,,,,,,,,,,
,,학생,"창의적인 활동을 즐기고, 논리적인 문제 해결도 잘하는 편이에요.",,,,,,,,,,,
,,선생님,부모님께서는 어떤 의견을 가지고 계시니?,,,,,,,,,,,
,,학생,부모님은 안정적인 직업을 원하셔서 공대나 의대를 추천하세요. 하지만 저는 꼭 그 길이 맞는지 확신이 안 서요.,,,,,,,,,,,
,,선생님,네 마음속에서는 어떤 방향을 원하니?,,,,,,,,,,,
,,학생,"저의 흥미를 따라가고 싶지만, 미래에 대한 불안도 있어요",,,,,,,,,,,
,,선생님,불안은 인간이라면 누구나 갖고 있는거야..샘도 쑥스럽지만 불안하기도 하단다.,,,,,,,,,,,
,,학생,정말요? 샘이 고딩일때그러셨나요?,,,,,,,,,,,
,,선생님,"응, 그래. 그런데, 오히려 인간은 누구나 고민하고 생가가하는 존재라 그런지, 오히려 고등학교 학창시절 진로를 정할 때 보다, 어른으로서 선생님으로써 하루하루 살고 있는 현생에서도 더더욱 그렇단다. 신기하지?",,,,,,,,,,,
,,학생,"(공감하며) 와, 샘진짜 몰랐어요. 샘은 어른이 되서 고민이 1도 없다 생각했는데 지금도 늘 고민하고 발전하려 애쓰신다는게 정말 존경스럽고 놀라워요.",,,,,,,,,,,
,,선생님,"선생님:존경은,,무슨~ 샘도 이번 생은 처음이라 매번 한 순간 한순간 배우면서 성장한단다.. 그래도 너보다 인생을 좀더 많이 살고 교육현장에 꽤 몸담았으니, 샘이 너 고민은 어느 면에서 수월하게 들어줄 수 있을거같아..고민있으면 언제든 찾아오렴.",,,,,,,,,,,
,,학생,샘 감사합니다.,,,,,,,,,,,
007,진로 탐색,학생," (노크하며) 안녕하세요~! 선생님, 진로 상담 해도될까요?",,,,,,,,,,,
,,선생님,"어, 안녕. 잘지냈니? 물론이지 어서 오렴.",,,,,,,,,,,
,,학생,저는 몬가 그 전에 상담 이후 이루고 싶은게 있는거 같기도 하기 손에 잡힐듯 말듯해서 샘한테 sos청하러 왔습니다.,,,,,,,,,,,
,,선생님,"선생님: 아하, 그러니? 환영한다. 이번 상담을 통해 어떤 목표를 이루고 싶니?",,,,,,,,,,,
,,학생,"저에게 적합한 직업이나 학과를 찾고, 어떻게 준비해야 할지 계획을 세우고 싶어요.",,,,,,,,,,,
,,선생님,좋아. 꽤 구체적이구나.,,,,,,,,,,,
,,학생,"네, 맞아요. 보다 체계적으로 샘과의 상담시간에 여쪄보고 싶은 부분들을 생각하고 왔답니다. ㅎㅎ",,,,,,,,,,,
,,선생님,"잘했어. 그럼 우리가 함께 직업과 학과에 대한 정보를 탐색하고, 너의 흥미와 강점을 분석해보자. 필요하다면 진로 적성 검사도 해볼 수 있어.",,,,,,,,,,,
,,학생,"네, 그렇게 하면 좋을 것 같아요.",,,,,,,,,,,
,,선생님,선생님: 또 필요한 것이 있니? 혹시 부모님과의 의견 차이로 어려움을 겪고 있니?,,,,,,,,,,,
,,학생,"네, 부모님과 어떻게 대화해야 할지 모르겠어요.",,,,,,,,,,,
,,선생님,그런데 부모님도 너와 같은 시기가 있었어. 그러니까 더 진솔하게 다가가봐.,,,,,,,,,,,
,,학생,"아니에요. 저희부모님은 고등학교때도 공부잘하시고, 좋은학교 나오셔서 제 고민이나 이런건 이해못하시고, 좋은학교 안갈거면 아예 고졸로 남아라 이러시더라고요.",,,,,,,,,,,
,,선생님,아~그런 고민이 있구나... 그런데 반드시 그렇지는 않을거야. 샘이 부모님과 한번 깊은 통화도 해볼게.,,,,,,,,,,,
,,학생,아니요..절대..샘이 전화 절대하지말아주세요. 더 모라고 하실거에요.,,,,,,,,,,,
,,선생님,알았어. 그점 샘이 염두할게. 그 부분도 함께 고민해보자. 부모님께 너의 생각을 잘 전달할 수 있는 방법을 찾아보자.,,,,,,,,,,,
,,학생,"감사합니다, 선생님. 많은 도움이 될 것 같아요.",,,,,,,,,,,
008,진로 탐색,학생,"선생님, 안녕하세요. 요즘 진로 때문에 고민이 많아서 상담을 좀 받고 싶어요.",,,,,,,,,,,
,,선생님,"그래, 잘 왔어. 요즘 어떤 부분에서 고민이 많아? 하고 싶은 게 잘 안 떠오르는 건가?",,,,,,,,,,,
,,학생,네 맞아요. 뭘 해야 할지 전혀 감이 안 와요. 다들 꿈을 찾는 거 같은데 저는 그게 잘 안 돼요.,,,,,,,,,,,
,,선생님,그럴 수 있어. 꿈을 찾는 게 생각보다 쉽지 않거든. 혹시 그동안 관심 있었던 활동이나 과목 같은 건 있어?,,,,,,,,,,,
,,학생,"음... 딱히 뭐가 있었던 건 아닌데, 예전에 디자인 수업이 재미있었던 기억이 나요.",,,,,,,,,,,
,,선생님,디자인에 관심이 있었구나. 그럼 디자인 관련된 직업이나 전공을 좀 더 알아보는 게 도움이 될 수 있을 것 같아. 혹시 디자인 쪽으로 더 깊이 알아보고 싶은 생각은 있어?,,,,,,,,,,,
,,학생,네. 디자인은 좀 더 알고 싶긴해요. 근데 막상 이 길이 제 길이 맞는지도 잘 모르겠어요.,,,,,,,,,,,
,,선생님,"맞아. 그런 고민도 자연스러운거야. 그럼, 디자인을 포함해서 네가 관심을 가질 만한 다양한 직업을 탐색해보는 건 어때? 그렇게하면서 더 끌리는 분야가 있는지 찾아보자.",,,,,,,,,,,
,,학생,"네, 그렇게 해보면 좋을 거 같아요.",,,,,,,,,,,
,,선생님,"좋아. 다음 시간까지 너도 디자인이나 다른 분야에 대해 조금씩 알아보고, 내가 추천할만한 자료들도 준비해볼게. 우리 같이 고민해보자.",,,,,,,,,,,
,,학생,넵 감사합니다.,,,,,,,,,,,
009,진로 탐색,학생,선생님. 진로 때문에 상담을 받고 싶어서요. 요즘 고민이 많아요.,,,,,,,,,,,
,,선생님,"그래, 어떤 고민인지 말해줄 수 있을까?",,,,,,,,,,,
,,학생,"음..... 사실 제가 하고 싶은 게 바뀔 때마다 부모님과 자꾸 부딪혀요. 제가 어떤 길로 가야 할지 모르겠고, 부모님은 다른 걸 원하시고요.",,,,,,,,,,,
,,선생님,"부모님과 진로 관련해서 갈등이 있구나. 너는 어떤 방향으로 가고 싶고, 부모님은 어떤 걸 원하셔?",,,,,,,,,,,
,,학생,"저는 예술 쪽, 특히 미술이 좋은 거 같은데, 부모님께서는 더 안정적인 직업을 가지라고 하세요. 공무원이 좋겠다고 하세요.",,,,,,,,,,,
,,선생님,부모님께서는 안정적인 직업을 원하시는구나. 그런데 너는 예술 쪽에 흥미가 많은 거고. 그래서 그 사이에서 갈등이 생기는 거구나.,,,,,,,,,,,
,,학생,"네, 맞아요. 저도 안정적인 게 나쁜 건 아닌데, 제가 좋아하는 일까지 포기해야 하나 싶어서요.",,,,,,,,,,,
,,선생님,그럴 수 있지. 좋아하는 일과 현실적인 선택 사이에서 고민하는 건 흔한 일이야. 네가 어떤 선택을 하면 더 좋을지 같이 고민해보자. 부모님의 의견을 존중하면서도 네가 원하는 길을 어떻게 찾을 수 있을지 같이 고민해 보는거지,,,,,,,,,,,
,,학생,네. 좋아요. 너무 갈등만 하고 답은 못 찾으니까 더 답답한 거 같아요.,,,,,,,,,,,
,,선생님,"알겠어. 그럼 네가 가진 관심사와 부모님의 기대 사이에서 현실적인 선택지를 찾아보고, 너의 진로를 어떻게 계획할지 함께 이야기해보자.",,,,,,,,,,,
,,학생,네에 그렇게하면 좋을 거 같아요. 감사합니다!,,,,,,,,,,,
010,진로탐색,선생님,"안녕, 무슨 고민이 있어서 상담을 신청했니?",,,,,,,,,,,
,,학생,"선생님, 요즘 진로 때문에 고민이에요. 뭘 해야 할지 모르겠어요.",,,,,,,,,,,
,,선생님,혹시 관심 있는 분야나 좋아하는 과목은 있니?,,,,,,,,,,,
,,학생,수학이랑 과학은 좀 재미있어요. 근데 그걸로 진로를 정해도 되나요?,,,,,,,,,,,
,,선생님,수학과 과학을 좋아한다면 관련된 직업이나 학과를 탐색해보는 게 좋겠네. 너에게 맞는 길을 알아보는 게 진로 탐색의 시작이야.,,,,,,,,,,,
,,학생,우와 그런 분야도 있군요? 더 알아봐야겠어요.,,,,,,,,,,,
,,선생님,"그래, 관련 정보부터 찾아보자. 막연한 고민보다 탐색하는 과정에서 더 확신이 생길거야.",,,,,,,,,,,
011,진로탐색,선생님,"안녕, 오늘 어떤 고민이 있어서 상담을 신청했어?",,,,,,,,,,,
,,학생,저 얼마 전까지 경영학과를 목표로 공부를 했는데요... 요즘 제가 정말 하고 싶은 게 뭔지 다시 생각해 보고 있어요.,,,,,,,,,,,
,,선생님,특별한 계기가 있었니?,,,,,,,,,,,
,,학생,"경영동아리 활동을 해보니까, 제가 생각했던 것과 달라서요. 뭔가 재미도 없고...",,,,,,,,,,,
,,선생님,동아리 활동에서 어떤 점이 기대와 달랐어?,,,,,,,,,,,
,,학생,숫자랑 서류 작업이 많더라고요. 전 사람들이랑 소통하는 게 더 좋은 거 같아요.,,,,,,,,,,,
,,선생님,"그렇구나, 사람들과 소통하는 것을 좋아한다고 했는데, 구체적으로 어떤 방식의 소통이야?",,,,,,,,,,,
,,학생,음... 제가 봉사활동할 때 어르신들이랑 이야기 나누는 게 즐거웠어요. 그리고 동생들 공부 가르쳐주는 것도 좋아해요.,,,,,,,,,,,
,,선생님,봉사하고 교육하는 부분으로 진로를 생각해보는 것도 방법이겠다.,,,,,,,,,,,
012,진로 탐색,선생님,OO이 안녕! 자~ 오늘 진로 관련해서 고민이 있다고 했지?,,,,,,,,,,,
,,학생,넵. 저 웹툰 작가가 꿈인데요 어떻게 뭘 준비해야 할지 모르겠어요,,,,,,,,,,,
,,선생님,OO이는 웹툰 작가가 되고 싶구나!?! 혹시 웹툰작가에 대해 검색하거나 알아본 내용은 있니?,,,,,,,,,,,
,,학생,아뇨 하나도 없어요.,,,,,,,,,,,
,,선생님,그럼 우리 커리어넷에 들어가서 기본적인 정보부터 찾아보자,,,,,,,,,,,
,,학생,커리어넷이요? 그거 보긴 했는데 잘 이해가 안 가요,,,,,,,,,,,
,,선생님,"선생님이랑 같이 알아가면 되지! 우리 이거 수업 때 했던 건데, 이 양식에 맞춰서 커리어넷 정보를 찾아봐바 좀 더 정리하기 쉬울거야",,,,,,,,,,,
,,학생,아 이거 지난번에는 되고 싶은 게 없어서 못 적었던 건데.. 좋아요,,,,,,,,,,,
,,선생님,그래 ~ 그러면 이거 작성해서 좀 더 구체적인 계획을 준비해보자!,,,,,,,,,,,
013,진로탐색,학생,선생님 저 부모님이랑 문제가 있는데 상담 가능한가요?,,,,,,,,,,,
,,선생님,응 상담 가능해. 어떤 문제가 있는 거니?,,,,,,,,,,,
,,학생,"대학교 안 가고, 돈 모아서 카페 차리고 싶다고 솔직하게 말했다가 싸웠어요",,,,,,,,,,,
,,선생님,그랬구나 속상했겠다. 어떤 부분에서 서로 마찰이 생긴 걸까?,,,,,,,,,,,
,,학생,"터무니없는 소리 하지 말래요. 그냥 공부해서 대학교 졸업하고, 회사나 다니래요",,,,,,,,,,,
,,선생님,부모님과 평소에 대화는 자주 하니?,,,,,,,,,,,
,,학생,"대화가 없거나 사이가 나쁜 건 아니고요, 진지한 대화는 잘 안 해봤어요. 거의 처음으로 솔직하게 하고 싶은 걸 말한건데 안된다고만 하니까 화가 나더라고요.",,,,,,,,,,,
,,선생님,그랬구나 OO이는 왜 대학교를 안 가고 카페를 차리고 싶은 거야?,,,,,,,,,,,
,,학생,사실 빵에 관심이 있어서요. 제가 만든 빵을 파는 카페를 차리고 싶은거예요. 학교보다는 제과제빵이나 바리스타 자격증을 준비하고 싶구요.,,,,,,,,,,,
,,선생님,그런 부분도 부모님께 이야길 해봤어?,,,,,,,,,,,
,,학생,아뇨. 이야기 꺼내자마자 화를 내셔서 저도 말 못 했어요.,,,,,,,,,,,
,,선생님,부모님께도 선생님한테 말하는 것처럼 차근차근 OO이의 계획과 꿈을 말하면 좀 더 잘 들어주실 것 같거든. 무엇이 하고 싶다라는 말보다 무엇이 하고 싶어서 어떠한 계획을 갖고 있다란 걸 함께 이야기해보면 좋을 것 같아.,,,,,,,,,,,
,,학생,대화를 다시 시도해 보는 게 좋을까요?,,,,,,,,,,,
,,선생님,그럼 당연하지! 우선 계획을 갖고 한 번 더 이야기를 해봐! 그리고 부모님 반응을 본 뒤 우리 다시 상담을 해보자,,,,,,,,,,,
014,진로탐색,학생,선생님 저는 뷰티 유튜버가 되고 싶은데 어떤 과를 알아봐야 할까요?,,,,,,,,,,,
,,선생님,"뷰티 유튜버? OO이는 화장, 영상 촬영과 편집 중에 어떤 것에 더 관심이 있는 것 같아?",,,,,,,,,,,
,,학생,저는 화장하는 거요. 얼굴에 어떤 화장품을 어떻게 바르냐에 따라 달라지는 게 너무 신기해요,,,,,,,,,,,
,,선생님,정말 신기하긴 하지. 화장하는 것에 더 관심이 있다면 메이크업과 관련된 과를 찾아보면 좋을 것 같은데?,,,,,,,,,,,
,,학생,그쵸? 근데 화장하는 거 말고도 화장품 만드는 것도 배우고 싶어요.,,,,,,,,,,,
,,선생님,대단한걸? 우리 그러면 메이크업과 화장품 제조에 관련된 학과랑 대학교를 알아보자,,,,,,,,,,,
,,학생,어떻게 알아보면 좋을까요ㅠㅠ ,,,,,,,,,,,
,,선생님,"우선 워크넷이랑, 커리어넷에 들어가서 화장품, 메이크업, 화장 이런 중요 키워드들로 검색을 해보면 관련된 직업이나 전공이 자세히 나올거야. 그걸 알아오면 OO이의 관심과 더  잘 맞는 것들이 무엇인지 함께 추려보자!",,,,,,,,,,,
015,진로 탐색,학생,안녕하세요.,,,,,,,,,,,
,,선생님,환영해~ 무슨 일로 상담을 하고 싶은 건지 물어봐도 될까?,,,,,,,,,,,
,,학생,제가 지금 장래희망 때문에 엄마랑 갈등이 있어서요...,,,,,,,,,,,
,,선생님,"음, 부모님이 원하는 장래희망과 내가 원하는 장래희망이 서로 다른가 보구나.
",,,,,,,,,,,
,,학생,네. 저는 엄마를 설득해서 제가 원하는 진로로 나가고 싶어요.,,,,,,,,,,,
,,선생님,"우선, OO이와 부모님이 각각 원하는 장래희망이 무엇인지 알 수 있을까?",,,,,,,,,,,
,,학생,"저는 댄서가 되고 싶은데 엄마는 댄서는 오래 할 직업이 아니라면서, 안경사나 치과기공사가 어떻겠냐고 하세요.",,,,,,,,,,,
,,선생님,현재 OO이는 댄서가 되는 진로 계획을 어떻게 세우고 있니?,,,,,,,,,,,
,,학생,"일단 우리학교 댄스 동아리에서 연습하고 있고요, 그리고...
",,,,,,,,,,,
,,선생님,"좋아. OO이는 부모님과 많은 대화를 나눠봐야 할 것 같아. 오늘은 우선 선생님과 OO이의 입장을 잘 정리해 보자.
",,,,,,,,,,,
016,진로 탐색,학생,"선생님, 안녕하세요. 저 지난 주 진로 수업 시간에 궁금했던 거 더 여쭤보러 왔어요.",,,,,,,,,,,
,,선생님,"오~ 환영해. 그래, 어떤 게 더 궁금하니?",,,,,,,,,,,
,,학생,"저번 수업 시간에 미래에 각광 받는 직업 소개해 주셨잖아요. 그 중에서 특히 미래농업전문가에 대해 더 알고 싶은데, 어떻게 정보를 얻어야 할지 모르겠어서요.",,,,,,,,,,,
,,선생님,그랬구나! 어떤 점에서 그 직업에 흥미를 느꼈니?,,,,,,,,,,,
,,학생,"저희 아버지도 지금 농사를 하고 계시는데, 제가 곁에서 지켜보니까 앞으로 계속 농업에 미래 기술을 접목하는 게 중요할 것 같아서요. 제가 그 일을 하면 어떨까 상상하다가 오늘 상담실에 와 봤어요.",,,,,,,,,,,
,,선생님,멋지다!,,,,,,,,,,,
,,학생,미래농업전문가에 대한 정보를 얻으려면 어떻게 해야 할까요?,,,,,,,,,,,
,,선생님,"우선 온라인에서 관련 정보를 얻을 수도 있고, 또 해당 직업인을 만나보거나 관련 기관에 가 보는 것도 좋아. 미래농업전문가가 되기 위해 OO이가 준비해야 할 것들도 조사할 수 있지. 오늘 좀 더 구체적으로 정보를 찾아 볼까?",,,,,,,,,,,
017,진로 탐색,학생,쌤 제 꿈은 요리사인데요.. 근데 점점 불안해요,,,,,,,,,,,
,,선생님,어떤 부분이 가장 불안하다고 느껴지니?,,,,,,,,,,,
,,학생,"어릴 때는 직접 요리도 하고 했는데, 고등학교 들어오면서 요리는 안하게 되고 그냥 생기부 채우기만 하게 되는 것 같아요. 실전 경험이 부족하게 느껴져요. 부모님이 반대해서 일반고 왔는데 요리하는 시간이 아예 없으니까 대학교 가서 하면 뒤쳐질 것 같아요.",,,,,,,,,,,
,,선생님,실제로 요리하는 시간 없이 요리사가 되겠다고 하는 게 불안했구나. 요리사가 되기 위해서 직접 요리하는 것 말고 따로 시간을 내어 정보를 찾아본 적도 있니?,,,,,,,,,,,
,,학생,"찾아보려고는 하는데, 일반고니까 주변에 요리사랑 관련된 정보를 얻을 수 있는 사람도 거의 없고 상담할 사람도 많이 없는 것 같아서 혼자 막 찾아보려니까 힘들어서요. ",,,,,,,,,,,
,,선생님,"하고 싶은 직업은 명확한데, 준비하는 과정이 많이 막막해서 힘들었을 것 같아. 선생님이 요리사와 관련된 진로 직업 정보를 준비해서 전반적으로 진로 계획을 도와줄 수 있도록 상담해보면 좋을 것 같아. 어때?",,,,,,,,,,,
,,학생,네. 그리고 요리사 말고도 요리 관련된 직업 정보를 얻는데 도움을 주시면 좋겠어요,,,,,,,,,,,
,,선생님,그래 요리 관련된 직업정보로 폭넓게 상담을 진행해보자.,,,,,,,,,,,
,,학생,감사합니다.,,,,,,,,,,,
018,진로 탐색,학생,"안녕하세요. 저는 역사를 좋아하는데요. 관심도 많고 흥미도 있는데, 특히 지역 역사를 탐구하는 데에 흥미가 있어서요. 이거랑 관련된 분야의 진로가 있을까요?",,,,,,,,,,,
,,선생님,역사와 관련된 진로를 찾아보고 있구나. 특별히 생각하고 있는 학과나 직업이 있니?,,,,,,,,,,,
,,학생,연구직이 대부분일 것 같은데 그것도 구체적으로 알고 싶어서요,,,,,,,,,,,
,,선생님,그렇구나. 그러면 역사 분야를 중심으로 관련된 진로직업이 무엇이 있을지 상담하면서 구체적으로 진로를 정하는데에 도움을 줄 수 있을 것 같아.,,,,,,,,,,,
,,학생,감사합니다. 그리고 직업이랑 관련된 학과도 알고 싶어요.,,,,,,,,,,,
,,선생님,알겠어. 이번에 직업 중심으로 관련 학과가 뭐가 있는지 선생님이랑 상담해보자,,,,,,,,,,,
,,학생,네 감사합니다.,,,,,,,,,,,
019,진로 탐색,학생,"쌤 저 응급구조사 하려고 하는데, 어느 학과를 가야할 지 고민이에요",,,,,,,,,,,
,,선생님,그래? 직업은 명확하게 있는데 학과가 고민이구나. 그렇게 고민하게 된 이유가 있을까?,,,,,,,,,,,
,,학생,"일단 활동적인 직업을 갖고 싶어서 정한건데, 엄마랑 얘기해보니까 간호학과를 가서 응급구조사를 하는게 어떠냐고 해서요. 근데 지금 성적으로 간호학과 갈 수 있을지 잘 모르겠어서요",,,,,,,,,,,
,,선생님,부모님의 조언을 듣고 성적을 보니 고민하게 된 거구나. 어떤 학과로 선택을 고민하고 있는거야?,,,,,,,,,,,
,,학생,응급구조학과나 응급구조과랑 간호학과 사이에서요.,,,,,,,,,,,
,,선생님,그래도 00이가 응급구조사가 되려고 이것저것 많이 고민해본것 같네. 학과별로 무엇을 배우느냐도 다르니까 학과 정보를 선생님이 찾아서 상담해보면 진로를 결정하는데 도움이 될 수 있을 것 같은데 어떄?,,,,,,,,,,,
,,학생,네 좋아요 성적도 같이 봐주세요,,,,,,,,,,,
,,선생님,알겠어. 우선 이번에 학과정보를 먼저 알아보고 00이가 어떻게 준비하면 좋을지 알아보는걸로 하자,,,,,,,,,,,
,,학생,네 감사합니다.,,,,,,,,,,,
020,진로 탐색,학생,선생님 저는 나중에 스포츠 마케팅이나 경영을 하고 싶은데요. 경영학과랑 스포츠 산업학과 둘중에 어느걸 고르는게 더 나을까요?,,,,,,,,,,,
,,선생님,00이는 목표가 굉장히 명확하네! 구체적으로 어떤 학과를 거쳐야 할지 고민이 되겠구나. 둘 중에 고민하는 이유는 뭘까?,,,,,,,,,,,
,,학생,그거야 가장 관련 있는거니까요. 경영하려면 경영학과가 제일 낫고 스포츠관련해서는 스포츠 산업이 제일 맞는거 같아서요,,,,,,,,,,,
,,선생님,"특정 분야의 직업을 가지려면 진학하는 학과가 명확한 게 있는데, 그렇지 않은 경우라서 고민이 많았을 것 같아. 하지만 학과 별로 배우는 내용이 각각 달라서 00이가 생각하는 것과 다를 수도 있어. 선생님이 학과와 관련된 정보를 찾아서 상담하면 00이의 고민해결에 조금 도움을 줄 수 있을 것 같아.",,,,,,,,,,,
,,학생,좋아요. ,,,,,,,,,,,
,,선생님,상담해보면서 관련 분야의 학과를 살펴보면서 폭넓게 살펴보도록 하자,,,,,,,,,,,
,,학생,네 감사합니다.,,,,,,,,,,,
021,자아 탐색,선생님,어서 오렴. 그동안 잘 지냈지? 오늘은 뭘 도와줄까?,,,,,,,,,,,
,,학생,"제가 그동안 의대를 준비해 왔었어요. 생기부도, 활동도 의대에 맟춰서. 그런데 갈수록 성적이 의대가기에는 부족해서 고민이에요",,,,,,,,,,,
,,선생님,"그동안 의대를 준비하느라 고생이 많았는데, 이제 성적이 조금 부족해서 고민이 많구나.",,,,,,,,,,,
,,학생,저처럼 중간에 진로를 변경하는 학생들이 있나요? 그럼 학종에서 불이익은 없을까요?,,,,,,,,,,,
,,선생님,은서처럼 중간에 진로를 변경하는 것이 당연한 것이지. 어떻게 결정된대로 갈수만 있겠어. 대학 입학사정관들도 다 알아,,,,,,,,,,,
,,학생,그럼 지금부터는 어떻게 하면 좋을까요?,,,,,,,,,,,
,,선생님,"일단 하나씩 선생님과 함께 고민해 보자. 우선 네 성적을 확인해보고, 어떤 활동을 했는지 들여다본 후, 바뀐 진로를 위해서는 어떻게 준비할지 이야기 나눠보자",,,,,,,,,,,
022,자아 탐색,선생님,어서 오렴. 그동안 잘 지냈지? 오늘은 뭘 도와줄까?,,,,,,,,,,,
,,학생,"제가 요새 인기인 반도체나 인공지능, 컴퓨터 관련 학과를 진학가고 싶은데요. 선생님은 어떻게 생각하세요?",,,,,,,,,,,
,,선생님,은서는 네가 지금 말한 그 분야에 대해 얼마나 알고 있는지 이야기해 줄 수 있니?,,,,,,,,,,,
,,학생,"그냥 부모님, 친구들이 그 분야가 좋다고 해서요",,,,,,,,,,,
,,선생님,"은서야 그럼, 그 분야가 아무리 전망이 좋더라도 네게 맞는지도 중요할 것 같은데, 선생님이랑 그 분야에 대해 알아보고, 네 흥미나 적성에 맞는지도 함께 알아볼까?",,,,,,,,,,,
023,자아 탐색,선생님,진로를 결정하는 데 있어 자기 자신을 이해하는 게 중요해요. 자신의 성향을 파악하고 있나요?,,,,,,,,,,,
,,학생,아직 잘 모르겠어요. 제 성격이나 적성이 뭔지 애매해요.,,,,,,,,,,,
,,선생님,그럼 자기 이해를 돕는 검사나 활동을 해본 적이 있나요?,,,,,,,,,,,
,,학생,"성격 유형 검사 같은 걸 해본 적은 있는데, 결과가 다양해서 혼란스러웠어요.",,,,,,,,,,,
,,선생님,"검사 결과를 참고하는 것도 좋지만, 본인의 실제 경험과 함께 생각해보는 게 중요해요. 평소에 어떤 상황에서 기쁨을 느끼나요?",,,,,,,,,,,
,,학생,사람들 앞에서 발표하거나 다른 사람을 도울 때 보람을 느껴요.,,,,,,,,,,,
,,선생님,"그렇다면 사회적 상호작용을 중요하게 여기는 성향이 있네요. 이런 성향을 가진 사람들은 상담, 교육, 혹은 인사 관리 같은 분야에서 두각을 나타낼 수 있어요.",,,,,,,,,,,
,,학생,상담사나 선생님 같은 직업이 저한테 맞을까요?,,,,,,,,,,,
,,선생님,그럴 가능성이 높아요. 이런 성향을 발전시켜 나가는 활동에 참여해보면 자신에게 더 잘 맞는지를 알 수 있을 거예요.,,,,,,,,,,,
,,학생,그럼 그런 활동을 어떻게 시작하면 좋을까요?,,,,,,,,,,,
,,선생님,학교에서 참여할 수 있는 동아리나 봉사활동을 찾아보세요. 혹은 관련된 책을 읽는 것도 좋은 방법이에요.,,,,,,,,,,,
024,자아 탐색,선생님,자기 탐색을 조금 더 해봤나요?,,,,,,,,,,,
,,학생,"네, 봉사활동을 시작해보려고 해요.",,,,,,,,,,,
,,선생님,좋은 생각이에요! 그 경험을 통해 자신이 어떤 상황에서 즐거움을 느끼는지 확인할 수 있을 거예요.,,,,,,,,,,,
,,학생,그런데 봉사활동을 하다 보면 가끔 힘든 일도 있잖아요. 그런 상황은 어떻게 대처해야 할까요?,,,,,,,,,,,
,,선생님,"그렇죠. 봉사활동은 다른 사람을 돕는 일이지만, 때로는 감정적으로 힘들 수도 있어요. 그럴 때는 자신의 한계를 인정하고 쉬는 것도 중요해요.",,,,,,,,,,,
,,학생,그렇군요. 힘들 때는 잠시 물러나서 생각할 시간을 가져야겠어요.,,,,,,,,,,,
,,선생님,맞아요. 스스로를 돌보는 능력도 자기 이해의 중요한 부분이에요.,,,,,,,,,,,
,,학생,그럼 봉사활동을 하면서 제 성향을 더 알아갈 수 있겠네요.,,,,,,,,,,,
,,선생님,맞아요. 경험을 통해 스스로의 강점과 약점을 더 잘 파악할 수 있을 거예요.,,,,,,,,,,,
,,학생,알겠습니다. 이번에 시작하는 봉사활동에 기대가 돼요.,,,,,,,,,,,
,,선생님,응원할게요! 잘 해낼 수 있을 거예요.,,,,,,,,,,,
025,자아 탐색,선생님,"안녕하세요, 병현 학생. 지난번에 진로 심리검사 결과를 받았다고 했는데, 그 결과에 대해 이야기를 나눠볼까요?",,,,,,,,,,,
,,학생,"네, 선생님. 솔직히 말하면 결과를 보고 좀 혼란스러웠어요. 제가 생각했던 것과 다른 부분도 있고, 앞으로 어떻게 해야 할지 막막하기도 해요.",,,,,,,,,,,
,,선생님,"이해돼요. 진로 심리검사는 방향을 제시해주지만, 정답을 주는 건 아니에요. 결과 중 어떤 부분에서 특히 혼란스러웠나요?",,,,,,,,,,,
,,학생,"검사에서는 제가 분석적이고 논리적인 직업에 적성이 맞다고 나왔는데, 저는 그런 분야가 재미없다고 느껴져요. 저는 사람들과 소통하는 게 더 흥미로운데, 그건 결과에서 낮게 나와서요.",,,,,,,,,,,
,,선생님,"병현 학생이 말하는 흥미와 적성은 꼭 일치하지 않을 수 있어요. 흥미는 자신이 무엇을 즐기느냐이고, 적성은 무엇을 잘할 수 있느냐를 의미하거든요. 그래서 흥미와 적성 사이에서 균형을 잡는 게 중요해요. 혹시 자신이 소통을 즐긴다는 점이 진로에서 어떤 의미를 가질 수 있을지 생각해본 적 있나요?",,,,,,,,,,,
,,학생,"음, 사실 사람들과 소통하는 게 재밌고, 도움을 주는 직업을 생각해본 적은 있어요. 그런데 결과에서는 그런 직업이 저랑 안 맞다고 하니까, 제 선택이 틀린 건가 싶어서요.",,,,,,,,,,,
,,선생님,"그렇지 않아요. 검사 결과는 참고 자료일 뿐, 진로를 결정하는 건 병현 학생 본인의 가치관과 흥미예요. 결과에서 분석적 성향이 높게 나왔지만, 사람을 돕거나 소통하는 일을 분석적인 방식으로 접근하는 직업도 많아요. 예를 들어 상담사나 컨설턴트 같은 직업이 그럴 수 있죠.",,,,,,,,,,,
,,학생,"아, 그런 방식도 있겠군요. 그런데 제가 진로를 바꿔도 괜찮을지 걱정돼요. 지금까지는 이과 쪽을 생각했는데, 문과 쪽으로 바꾸는 게 늦지 않을까요?",,,,,,,,,,,
,,선생님,"우선 참고로 이제 본격 도입되는 ‘고교학점제’ 체계에서는 전통적으로 구분되는 문,이과 구분의 벽을 어느정도 허물고 넘나들을 수 있는 융,복합 인재와 그러한 교육과정을 추구하니까 너무 이과에서 문과로 아예 간다 이런 생각은 넣어둬요.",,,,,,,,,,,
,,학생,아 정말요.. 그렇게 말씀하시니 뭔가 안심되요.,,,,,,,,,,,
,,선생님,"진로 변경은 늦었다고 생각하기보다는, 지금이라도 자신에게 맞는 방향을 찾는 게 더 중요해요. 진로는 고정된 게 아니니까요. 중요한 건 본인이 어떤 가치관을 가지고 있고, 무엇을 하고 싶은지 잘 이해하는 거예요. 그 과정을 통해 자신에게 맞는 길을 찾아가는 거죠.",,,,,,,,,,,
,,학생,그런데 아직도 제가 어떤 일을 잘할지 모르겠어요. 자신감도 부족하고요. 정말 이 방향이 맞는지 확신이 안 서요.,,,,,,,,,,,
,,선생님,"그런 불안감은 당연해요. 모두가 자신의 길을 확신하는 건 아니거든요. 자신감을 키우려면 작은 성공을 경험하는 게 중요해요. 우선 자신이 할 수 있는 일부터 도전해보고, 그 과정에서 자신감을 쌓아가면 돼요. 진로는 점차 명확해질 거예요.",,,,,,,,,,,
,,학생,말씀을 들으니 조금 안심이 돼요. 제가 진로를 잘못 선택하지 않았다는 생각이 조금씩 들기 시작해요. 앞으로는 제 흥미와 적성을 좀 더 잘 살펴봐야겠어요.,,,,,,,,,,,
,,선생님,"그렇게 생각하는 것만으로도 큰 발전이에요, 병현 학생. 진로는 완벽하게 정하는 게 아니라, 계속 탐색해 나가는 과정이에요. 앞으로도 고민이 있으면 언제든지 찾아오세요. 함께 고민하면 더 좋은 방향을 찾을 수 있을 거예요.",,,,,,,,,,,
026,자아 탐색,선생님,"안녕하세요, 현승 학생. 진로에 대해 고민이 많다고 들었어요. 오늘은 어떤 이야기를 나눠보고 싶나요?",,,,,,,,,,,
,,학생,"안녕하세요, 선생님. 사실 요즘 너무 불안해요. 제가 뭘 잘하는지도 모르겠고, 미래에 뭘 해야 할지도 막막해요. 검사 결과도 나왔지만, 잘 모르겠어요.",,,,,,,,,,,
,,선생님,검사 결과가 혼란스러웠군요. 결과를 보면서 어떤 부분이 특히 마음에 걸렸나요?,,,,,,,,,,,
,,학생,"검사에서 분석적 성향이 높게 나왔는데, 저는 그런 거 잘하는 것 같지 않아요. 그리고 그쪽이 흥미도 없고요. 그냥 다 어려워 보여요.",,,,,,,,,,,
,,선생님,그럼 혹시 어떤걸 좋아하나요?,,,,,,,,,,,
,,학생,저는 뭔가 아름다운걸 그리고 음악듣고 그런거 좋아해요.,,,,,,,,,,,
,,선생님,아~그렇구나. 좋은데?,,,,,,,,,,,
,,학생,"네, 저희 아버지가 서울대 미대 나오셔서 몬가 디자이너 이런 분야에 있으셔서 어렸을때, 영향을 많이 받은것 같아요.",,,,,,,,,,,
,,선생님,아 ..아버님이 훌륭하시구나. 현승이도 그렇게 멋진 어른으로 자랄거야.,,,,,,,,,,,
,,학생,"헤헤, 네~ 노력해야죠...",,,,,,,,,,,
,,선생님,"현승아, 있잖아. 검사 결과는 참고 자료일 뿐이에요. 분석적 성향이 높다고 해서 꼭 그쪽으로 가야 한다는 건 아니에요. 현승 학생이 흥미를 느끼는 부분은 어떤 건가요?",,,,,,,,,,,
,,학생,"잘 모르겠어요. 그냥 사람들과 이야기하거나, 좀 더 창의적인 일을 하고 싶다는 생각은 들어요. 그런데 그런 일을 잘할 수 있을지 자신도 없고요.",,,,,,,,,,,
,,선생님,"자신감이 부족하다고 느끼는군요. 하지만 흥미를 느끼는 일에서 시작하는 것도 좋아요. 사람들과 소통하고 창의적인 일을 하는 직업들도 많아요. 예를 들어, 마케팅, 미디어, 심리 상담 같은 직업이 있죠.",,,,,,,,,,,
,,학생,"그런 일들이 재밌을 것 같긴 한데, 제가 그걸 잘할 수 있을지 모르겠어요. 성적도 별로고, 다른 사람들처럼 확실한 목표가 없어서 불안해요.",,,,,,,,,,,
,,선생님,"불안감이 큰 것 같아요. 하지만 진로는 완벽하게 정하는 게 아니라, 탐색하면서 찾아가는 과정이에요. 우선 작은 목표를 세우고, 조금씩 도전해보는 건 어때요? 성취 경험을 쌓다 보면 자신감도 생길 거예요.",,,,,,,,,,,
,,학생,작은 목표라… 생각해보면 너무 먼 미래만 생각했던 것 같아요. 조금씩 도전해봐야겠어요.,,,,,,,,,,,
,,선생님,맞아요. 지금부터 천천히 자신을 탐색하는 과정도 중요한 경험이에요. 앞으로도 고민이 있으면 언제든지 이야기하러 와요. 같이 해결해나가요,,,,,,,,,,,
027,자아 탐색,학생,"선생님, 요즘 진로에 대해서 불안한 게 많아서 상담을 받고 싶어요.",,,,,,,,,,,
,,선생님,그래. 어떤 점에서 불안한지 이야기해줄 수 있니?,,,,,,,,,,,
,,학생,사실 처음에는 IT 쪽에 관심이 있어서 그쪽으로 공부를 하고 있었는데요.. 요즘 들어 내가 잘할 수 있을지 모르겠어요. 자신감도 점점 떨어지고 있고요.,,,,,,,,,,,
,,선생님,"IT 쪽에 흥미가 있었지만, 지금은 자신감이 떨어지고 있구나. 혹시 다른 분야에 관심이 생긴 건 아니니?",,,,,,,,,,,
,,학생,"관심이 생긴 건 아닌데, 그냥 내가 이 길을 계속 가는 게 맞는지 의문이 들고 있어요. 제가 이 분야에 맞는 사람인지 잘 모르겠고 그냥 계속 불안해요",,,,,,,,,,,
,,선생님,"그럴 수 있어. 누구나 진로를 결정하면서 불안해지기도 하고, 스스로에 대한 확신이 부족할 때가 많거든. 우리 함께 진로 적응에 대한 고민을 구체적으로 나눠볼까? 네가 불안을 느끼는 원인이 뭔지, 그리고 어떻게 해결할 수 있을지에 대해 얘기해 보면 좋을 거 같아.",,,,,,,,,,,
,,학생,"제가 지금 하고 있는 게 맞는 방향인건지... 계속 이 길로 가야 할지, 가도 될 지 고민이에요.",,,,,,,,,,,
,,선생님,"좋아. 네 흥미와 적성, 그리고 가치관을 얘기해 보면 좋을 거 같아. 혹시 예전에 진로심리검사 같은 걸 해본 적이 있니?",,,,,,,,,,,
,,학생,"네, 학교에서 해봤는데, 결과가 잘 기억이 안 나요. 다시 한 번 검사 결과를 살펴보고 싶긴해요",,,,,,,,,,,
,,선생님,"그럼 검사 결과를 바탕으로 네 흥미와 적성을 다시 살펴보고, 네가 지금 고민하는 부분과 연결해보자. 그런 과정이 불안을 줄이는 데도 도움이 될 거야.",,,,,,,,,,,
,,학생,넵 알겠습니다.,,,,,,,,,,,
028,자아 탐색,학생,"선생님... 요즘 진로 때문에 고민이 많아서 상담을 받고 싶어요. 제가 어떤 길로 가야 할지 전혀 모르겠어요,",,,,,,,,,,,
,,선생님,"그래, 어떤 부분이 특히 고민인지 말해줄 수 있을까? 혹시 진로를 생각할 때 어려운 점이 있니?",,,,,,,,,,,
,,학생,"네. 저는 딱히 흥미 있는 게 뭔지 모르겠어요. 다른 친구들은 다들 자기 적성이나 재능이 뭔지 아는 거 같아서 부러워요. 저는 그냥 뭐든지 평범하게 하는 거 같고, 특별히 잘하는 게 없어요.",,,,,,,,,,,
,,선생님,그런 고민 많이 할 수 있어. 사실 자기 흥미나 적성을 찾아가는 과정은 누구에게나 어렵고 시간이 걸리기도 해. 혹시 지금까지 해본 활동이나 과목 중에서 조금이라도 즐거웠던 게 있었니?,,,,,,,,,,,
,,학생,"음....... 딱히 생각나는 건 없지만, 체육 시간에 하는 운동은 조금 그래도 재미있었어요. 근데 이게 제 진로와도 연관이 되나요?",,,,,,,,,,,
,,선생님,"운동에 흥미가 있었구나. 그게 작은 단서일 수 있어. 흥미나 적성은 이렇게 작은 것부터 시작해서 발견될 수 있거든. 네가 생각하는 성격이나 가치관은 어떤 쪽이니? 혼자 하는 활동을 좋아한다든지, 사람들과 어울리는 걸 좋아한다든지.",,,,,,,,,,,
,,학생,"사람들과 같이 어울리는 건 좋은 거 같은데, 리더 역할을 맡는 건 좀 많이 부담스러워요. 뒤에서 도와주는 게 더 좋은 거 같아요.",,,,,,,,,,,
,,선생님,"그럼 사람들과 함께 일하는 걸 좋아하고, 서포트 역할을 선호하는구나. 이런 성격 또한 진로를 결정하는 데 더 중요한 힌트가 될 수 있어. 네가 좋아하는 활동, 그리고 네 성격이나 적성에 맞는 직업들을 더 탐색해보는 게 어떨까?",,,,,,,,,,,
,,학생,"네, 그게 좋을 거 같아요. 제가 뭘 잘하는지 알게 되면 더 확신이 생길 거 같아요.",,,,,,,,,,,
,,선생님,좋아. 그러면 너의 흥미와 성격에 맞는 직업들을 더 알아보고 상담을 함께 진행하는 걸로 하자.,,,,,,,,,,,
,,학생,네 그렇게할게요. 감사합니다 선생님.,,,,,,,,,,,
029,자아탐색,선생님,상담 신청했다고 들었어요. 어떤 고민이 있나요?,,,,,,,,,,,
,,학생,네... 제가 문과로 진로를 바꾸고 싶은데 고민이 되어서요.,,,,,,,,,,,
,,선생님,진로 변경을 고민하고 있군요. 지금은 이과죠?,,,,,,,,,,,
,,학생,"네. 원래 의대 가려고 했는데, 이제 와서 제가 정말 의사가 되고 싶은 건지 잘 모르겠어요.",,,,,,,,,,,
,,선생님,그렇군요. 혹시 문과로 바꾸고 싶다는 생각은 언제부터 했어요?,,,,,,,,,,,
,,학생,음... 방학 때 인문학 책 읽으면서부터요. 글 쓰는 게 재밌더라구요.,,,,,,,,,,,
,,선생님,그럼 지금은 어떤 진로를 생각하고 있나요?,,,,,,,,,,,
,,학생,아직 잘 모르겠어요. 그냥 글 쓰는 게 생각보다 재밌고 즐거워서 좋은 거 같아요.,,,,,,,,,,,
,,선생님,"진로를 바꾸는 게 불안하기도 하겠어요. 다음 상담에서는 네가 좋아하는 것과 잘하는 것을 찾아보면서, 문과 계열에서 어떤 진로가 있을지 탐색해보는 게 어떨까요?",,,,,,,,,,,
,,학생,네. 좋아요!,,,,,,,,,,,
030,자아탐색,선생님,요즘 어떤 고민을 가지고 있니?,,,,,,,,,,,
,,학생,진로 선택에서 어려움을 가지고 있어요. 아직 내가 뭘 잘하고 좋아하는 건지 잘 모르겠어요.,,,,,,,,,,,
,,선생님,자기 자신에 대해 조금 더 탐구해봐야 될 거 같구나. 네가 좋아하는 것과 잘하는 것을 찾아내는 과정을 함께 해보자.,,,,,,,,,,,
031,자아탐색,선생님,어떤 고민이 있어서 찾아왔어?,,,,,,,,,,,
,,학생,"제가 진로를 정해야 되는데, 뭐가 저한테 잘 맞는건지 모르겠어요.",,,,,,,,,,,
,,선생님,혹시 지금까지 흥미를 느낀 과목이나 활동이 있었어?,,,,,,,,,,,
,,선생님,"딱히 잘하는 건 없고, 그냥 평범하게 공부하고 평범하게 살아왔어요.",,,,,,,,,,,
,,학생,그렇구나. 그럼 자기 자신에 대해 좀 더 탐구해보면 좋을 거 같아. 스스로의 적성을 알아보는 활동을 해보면 어때?,,,,,,,,,,,
,,선생님,"네, 그게 필요할 것 같아요. 제가 뭘 잘하는지부터 알아봐야 할 거 같아요.",,,,,,,,,,,
,,학생,"그래. 그럼, 적성 검사나 흥미 검사를 해보면서 진로 방향을 찾는 것도 좋은 시작일거야.",,,,,,,,,,,
032,자아탐색,학생,선생님 저 고민이 있는데 상담 가능할까요?,,,,,,,,,,,
,,선생님,그럼 당연하지! 어떤 고민인지 이야기 해볼래?,,,,,,,,,,,
,,학생,"정확한 주제가 있는 건 아닌데요, 학교생활을 잘하고 있는 건지 친구들과 잘 어울리고 있는 건 맞는지, 이런저런 걱정이 많아요",,,,,,,,,,,
,,선생님,우리 시간이 좀 걸려도 되니까 하나씩 이야기를 풀어보자. 가장 먼저 떠오르는 걱정거리가 있을까?,,,,,,,,,,,
,,학생,"음.. 일단 친구들은 하고 싶은 것도 있고, 잘하는 것도 많은 데 저는 꿈도 없고 잘하는 게 있는지 모르겠어요.",,,,,,,,,,,
,,선생님,"학교 수업과 관련된 것 말고 평소에 재미나 흥미를 가졌던 것들이 있을까? 게임이나 만화, 유튜브도 괜찮아",,,,,,,,,,,
,,학생,딱히 생각나는 게 없어요. 죄송해요,,,,,,,,,,,
,,선생님,"괜찮아~ OO한텐 고민이고 걱정인데 죄송할 필욘 없어, 대신 선생님이 숙제 하나 줘도 될까?",,,,,,,,,,,
,,학생,어떤거요?,,,,,,,,,,,
,,선생님,"우선 다음 상담 일정을 잡고 그때까지 숙제를 해오면 돼, OO가 평소에 학교에서 재미나 흥미를 느꼈던 수업과 이유 3개랑, 학교 밖에서 재미와 흥미를 느꼈던 3개와 이유를 준비해 올래? 그 사이에 선생님은 OO가 했던 진단 검사 내용들을 좀 찾아볼게",,,,,,,,,,,
,,학생,어렵긴 한데 해볼게요,,,,,,,,,,,
033,자아탐색,선생님,OO아 왜 이렇게 기운이 없어 보여?,,,,,,,,,,,
,,학생,선생님.. 저는 지금까지 부모님이 하란 대로 해왔거든요. 근데 그게 맞는지 모르겠어요.,,,,,,,,,,,
,,선생님,갑자기 그런 생각이 든 걸까?,,,,,,,,,,,
,,학생,갑자기요.. 엄마랑 아빠는 금융경영 쪽을 목표하고 이끌어 주고 계셔요. 근데 저는 사실 금융 경제 경영엔 관심도 재미도 없고요. 멍청해지는 느낌이에요,,,,,,,,,,,
,,선생님,그럼 OO이는 관심있는 진로나 꿈이 있을까?,,,,,,,,,,,
,,학생,"아뇨.. 없어요. 금융경영엔 관심이 없는 건 맞거든요. 그렇다고 확 잘하는 거, 나랑 잘 맞는 거, 되고 싶은 거에 대해 딱 떠오르는 것도 없어요. 사실은 부모님이 정해준 게 맞는 건데 공부가 힘들어서 지쳐서 갑자기 싫어진건 아닌가 싶기도 하고요 ",,,,,,,,,,,
,,선생님,힘들면 여러 가지 생각이 들 수 있을 것 같아. 선생님은 우선 OO이와 부모님이 OO이의 특성을 먼저 알아보면 좋을 것 같거든. 이 고민을 부모님과 이야기는 해 봤을까?,,,,,,,,,,,
,,학생,아뇨.. 걱정하실까봐 티도 안 냈어요,,,,,,,,,,,
,,선생님,음.. OO이 성적이나 활동 준비가 엄청 우수한 편이거든? 오히려 지금 더 분명하게 OO이를 알아가는 시간이 앞으로 진로나 진학에 더 도움이 될 것 같아. 우선 진로심리검사를 통해서 OO이의 가치관이나 적성 등을 함께 파악해 보자. 선생님이 도와줄게. 그리고나서 부무님과도 이야기해보면 좋겠어,,,,,,,,,,,
034,자아탐색,학생,쌤 저 오늘 상담이요,,,,,,,,,,,
,,선생님,그렇지. 오늘 진로 탐색 관련해서 상담을 신청했었지?,,,,,,,,,,,
,,학생,네.. 선생님 저 보컬학원 다니고 있는 것 아시죠? ,,,,,,,,,,,
,,선생님,"응 그럼, 그래서 관련 정보를 좀 찾아놨던 참이거든.",,,,,,,,,,,
,,학생,근데 그만두고 다른 걸 배우거나 공부해야 할까 고민이에요,,,,,,,,,,,
,,선생님,응? 좀 더 자세히 이야기해줄래?,,,,,,,,,,,
,,학생,"하나의 곡이 만들어지는 배경과 과정, 악기에 따라 달라지는 감성을 이해하는 것도 그런 모든 걸 제 목소리에 담는 것도 정말 재밌거든요 진짜 환상적이에요 근데... 저보다 잘하는 사람이 너무 많아서 그만둬야 하는 것 아닐까 싶어요",,,,,,,,,,,
,,선생님,OO이가 진로에 대해 불안감이 생겼나 보네. 무슨 일이 있었던 걸까?,,,,,,,,,,,
,,학생,발표 평가할 때 너무 긴장이 돼요. 혼자 할 때는 너무 잘 표현되는 부분도 선생님이나 친구들 앞에서면 부족함을 느낄 때가 많아요. 이러다 입시 때도 실수하면 어쩌지 하고 안 해도 되는 생각까지 들고요.,,,,,,,,,,,
,,선생님,학원에서는 평가에 관련된 코멘트를 알려주니? OO이 노래의 객관적인 평가도 필요할 것 같아,,,,,,,,,,,
,,학생,학원에서도 요청하면 1:1 상담이 가능해요.,,,,,,,,,,,
,,선생님,그럼 학원 선생님의 상담 내용을 좀 적어올래? 그걸 보고 우리 다시 상담을 진행하면 좋을 것 같아.,,,,,,,,,,,
035,자아 탐색,선생님,"안녕! 그동안 잘 지냈니? 오늘은 상담 시간에 무슨 얘기를 할까?
",,,,,,,,,,,
,,학생,"음... 저번에 진로 수업 시간에 관심 있는 직업을 작성하는 활동이 있었는데요. 그때 적질 못했어요.
",,,,,,,,,,,
,,선생님,그렇구나. 현재 특별히 관심 있는 직업이 없어서 활동에 잘 참여할 수 없었구나.,,,,,,,,,,,
,,학생,네. 여러 직업을 많이 안다고 생각했는데... 딱히 제가 어떤 직업에 관심이 있는지는 모르겠어요.,,,,,,,,,,,
,,선생님,"꼭 직업은 아니더라도, 앞으로 하고 싶은 일이나, 잘하고 좋아하는 활동 같은 건 없을까?
",,,,,,,,,,,
,,학생,"...잘 모르겠어요. 그냥 별로 생각이 없어요.
",,,,,,,,,,,
,,선생님,"OO이의 평상시 생각이나 흥미, 적성 같은 것을 좀 더 자세히 살펴보는 시간이 필요할 것 같아.
",,,,,,,,,,,
,,학생,"어떻게 그걸 알 수 있죠?
",,,,,,,,,,,
,,선생님,"아는 만큼 보인다고, 성격이나 흥미, 적성 검사를 해 보고 나를 진단해 볼 수 있지. 그리고 관련 직업에 대해서 구체적으로 살펴보는 것도 도움이 될 거야.
",,,,,,,,,,,
,,학생,"...찾아 봐도 모를 것 같은데.
",,,,,,,,,,,
,,선생님,"해 보기 전엔 모르지. 오늘 선생님이랑 OO이의 흥미와 적성부터 잘 알아보자.
",,,,,,,,,,,
036,자아 탐색,선생님,"안녕! 왜 그렇게 힘이 없어? 얼굴에 힘들다고 써 있네. 요즘 진로 고민이 많니?
",,,,,,,,,,,
,,학생,아뇨... 별로...,,,,,,,,,,,
,,선생님,OO이가 오늘 상담하러 온 이유가 뭘까? 분명 선생님과 이야기하고 싶은 것이 있었을 거야.,,,,,,,,,,,
,,학생,"그게요... 제가 의대에 진학할 수 있을지 모르겠어요. 성적도 더 이상 안 오르고, 괜히 내게 맞지 않게 목표를 높게 잡았던 건가 싶기도 하고요...",,,,,,,,,,,
,,선생님,OO이가 많이 지쳤나 보구나.,,,,,,,,,,,
,,학생,의대 희망하는 친구들 중에 저보다 뛰어난 친구들이 너무 많아요. 대입 생각만 하면 가슴이 뛰면서 한숨이 나오고요.,,,,,,,,,,,
,,선생님,"OO이가 불안하고 힘든 이유를 잘 생각해 보고, 오늘 온 김에 허심탄회하게 이야기해 보자. 훨씬 마음이 편해질 거야.",,,,,,,,,,,
037,자아 탐색,학생,저는 뭘하면 좋을지 모르겠어요,,,,,,,,,,,
,,선생님,00이는 앞으로 뭘 할지 명확하게 정하지 못해서 고민이 많은거 같아. 혹시 특별히 좋아하는 건 있을까?,,,,,,,,,,,
,,학생,음 특별히는 없는데 수업시간에 내용 정리하고 알아보기 쉽게 정리하는 건 괜찮아요.,,,,,,,,,,,
,,선생님,그렇구나 혹시 가장 좋아하거나 제일 관심있는 과목은 있어?,,,,,,,,,,,
,,학생,저는 역사도 괜찮고 지리도 괜찮아요. 역사는 시간대별로 정리하고 사건미 어떻게 영향을 받는지 확인하는 것도 재밌고 지리는 뭔가 해석하는게 재밌는것 같아요,,,,,,,,,,,
,,선생님,00이는 사회분야에 관심이 많구나. 공부도 딱 명확하게 정리하는 스타일인 것 같네. 혹시 사회 관련된 학과는 생각해본 적이 있을까?,,,,,,,,,,,
,,학생,음 딱히 되고 싶은 직업은 없는데 그런 분야로 가면 나쁘지 않을 것 같긴 해요.,,,,,,,,,,,
,,선생님,그렇구나. 그럼 선생님 생각엔 우선 진단검사를 활용해서 00이가 어떤 사람인지 강점은 뭔지 한번 확인해보면 학과나 대학을 어디로 갈지 정하는 데 도움이 될 것 같아.,,,,,,,,,,,
,,학생,네 그럼 그렇게 할게요.,,,,,,,,,,,
,,선생님,그래 검사는 길게 안걸리니까 하나씩 명확하게 찾아가보자.,,,,,,,,,,,
038,자아 탐색,학생,쌤 저 계속 꿈이 선생님이었는데 전망이 별로 안 좋은 것 같아서 걱정돼요.,,,,,,,,,,,
,,선생님,"하고 싶은 직업이 전망이 안 좋아보여서 걱정이구나. 00이는 유치원이나 초등, 중고등중에 어떤 쪽으로 생각하고 있니?",,,,,,,,,,,
,,학생,저는 유치원 선생님이 되려구요.,,,,,,,,,,,
,,선생님,그렇구나. 00이가 유치원 선생님이 되고 싶은 이유가 뭔지 물어봐도 될까?,,,,,,,,,,,
,,학생,저는 뭔가 어떤 과목을 가르치는 것보다 애기들을 좋아하기도 하고 돌봐주는 게 잘 맞는 것 같아요.,,,,,,,,,,,
,,선생님,00이는 자신이 좋아하는 게 뭔지 확실히 알고 있는 것 같아. 선생님이 유치원 선생님이랑 관련된 직업 정보를 준비해서 상담을 하면 고민 해결에 도움을 줄 수 있을 것 같은데 어떄?,,,,,,,,,,,
,,학생,좋아요. ,,,,,,,,,,,
,,선생님,그래. 상담하면서 더 자세히 이야기 해보자,,,,,,,,,,,
039,자아 탐색,학생,선생님 저 진짜 어떤걸 해야할 지 모르겠어요. 대학은 가야하는데 아직 정한게 하나도 없어요,,,,,,,,,,,
,,선생님,00이가 대학 관련해서 걱정이 많구나. 평소에 좋아하거나 관심이 있다 싶은게 있을까?,,,,,,,,,,,
,,학생,그냥 모르겠어요. 딱히 관심있는 것도 없고 그냥 공부만해요.,,,,,,,,,,,
,,선생님,공부 외에 가장 자주 하는 것들은 있어?,,,,,,,,,,,
,,학생,"그냥 집에 가서 게임하고, 영화 보기? 종종 운동도 하긴 해요",,,,,,,,,,,
,,선생님,그렇구나. 혹시 예전에 생각해 봤던 진로가 있을까?,,,,,,,,,,,
,,학생,없는데요. 근데 대학은 가야하잖아요.,,,,,,,,,,,
,,선생님,00이가 어떤 대학이나 학과를 가야할지 막연해서 답답했을 것 같아. 너무 막연하다면 자신이 어떤 걸 좋아하고 잘 하는지 찾아보는 것부터 시작하면 돼. 이번엔 진단검사를 해서 00이가 어떤 사람인지를 확인해보자. ,,,,,,,,,,,
,,학생,알겠어요,,,,,,,,,,,
,,선생님,너무 조급해하지말고 차근차근히 찾아가보자. ,,,,,,,,,,,
,,학생,네,,,,,,,,,,,
040,자아 탐색,학생,"쌤 저는 화학이랑 생명과학을 제일 좋아해서 관련된 학과를 가려고 생각중인데요, 어떻게 하면 더 구체적으로 진로를 정할 수 있을까요?",,,,,,,,,,,
,,선생님,00이는 화학이랑 생명과학 중심으로 진로를 찾고 있구나. 구체적인 직업이나 학과에 대해서 찾아본 적이 있니?,,,,,,,,,,,
,,학생,"자연 과학이나 화학공학과, 생명공학과도 있었고, 제약같이 메디컬 계열도 있는건 아는데 구체적으로 정한 건 없어요.",,,,,,,,,,,
,,선생님,그렇구나. 특별히 화학이랑 생명과학 공부 외에도 따로 관련된 활동은 하는 것은 없어?,,,,,,,,,,,
,,학생,네. 일단 수업 중에는 그 두개가 제일 관심있어서 관련된 학과나 직업이면은 다 알아보고 나서 하고 싶어서요,,,,,,,,,,,
,,선생님,관련된 분야면 전부 관심이 있다는 말이지? 선생님 생각엔 직업관련 검사를 해보면 00이한테 맞는 직업을 또 알아볼 수 있으니까 해보면 좋을 것 같아.,,,,,,,,,,,
,,학생,네 근데 저는 구체적으로 뭘 잘하고 잘 할 수 있을지 알아보고 싶어요,,,,,,,,,,,
,,선생님,그래 그러면 선생님이 진단검사랑 지금 00이가 말한 직업이나 학과정보도 함께 준비해서 상담하면 더 도움이 될 것 같아.,,,,,,,,,,,
,,학생,네 알겠습니다.,,,,,,,,,,,
041,(진학) 학업,선생님,어서 오렴. 그동안 잘 지냈지? 오늘은 뭘 도와줄까?,,,,,,,,,,,
,,학생,"선생님~  부모님께서 제가 의대에 진학하면 좋겠다고 하시고, 저도 의대에 관심이 있는데, 어떻게 학생부와 세특관리를 해야할 지 모르겠어요",,,,,,,,,,,
,,선생님,"은서가 의대에 관심이 있구나~  그럼 의대에 대해서는 언제부터 관심이 있었고, 그동안은 어떻게 준비했니?",,,,,,,,,,,
,,학생,"관심은 중학교때부터 있었구, 그동안 공부 이외에는 준비를 한 것은 없어요.",,,,,,,,,,,
,,선생님,"럼 요새 의대가겠다는학생도 많고, 대학에서 지원자를 선발하는 방법도 여러가지가 있어서 은서에게 맞는 학생부, 교과활동에 대해 선생님과 함께 알아볼까?",,,,,,,,,,,
042,(진학) 학업,선생님,어서 오렴. 그동안 잘 지냈지? 오늘은 뭘 도와줄까?,,,,,,,,,,,
,,학생,선생님. 제가 스카이대학을 가고 싶은데요. 지금부터 얼마나 어떻게 공부하면 좋을지요,,,,,,,,,,,
,,선생님,오~ 우리 은서가 드디어 목표를 정했구나. 멋진 걸~  스카이 대학에 가겠다니 공부를 열심히 해야할텐데…,,,,,,,,,,,
,,학생,부모님과 주위에 도와주시는 분들과 함께 열심히 공부해 보려구요,,,,,,,,,,,
,,선생님,"그럼, 선생님과 함께 내신, 수능, 학생부 준비 등에 대해 하나씩 하나씩 알아가면서 차근히 준비해볼까? ",,,,,,,,,,,
043,(진학) 학업,선생님,"학업에 대한 고민이 있다고 했는데, 구체적으로 어떤 부분이 가장 어려운가요?",,,,,,,,,,,
,,학생,공부는 열심히 하는데 성적이 잘 오르지 않아서 답답해요.,,,,,,,,,,,
,,선생님,어느 과목에서 특히 어려움을 느끼고 있나요?,,,,,,,,,,,
,,학생,"수학이 가장 어렵고, 성적도 잘 안 나와요.",,,,,,,,,,,
,,선생님,수학은 기초가 중요한 과목이에요. 기본 개념은 잘 이해하고 있나요?,,,,,,,,,,,
,,학생,"개념은 이해한다고 생각했는데, 문제를 풀 때는 잘 안 풀려요.",,,,,,,,,,,
,,선생님,그럼 문제를 푸는 방식에 변화를 줄 필요가 있겠네요. 문제를 푼 후에 오답 노트를 작성해보는 건 어때요?,,,,,,,,,,,
,,학생,"오답 노트는 해본 적이 없는데, 효과가 있을까요?",,,,,,,,,,,
,,선생님,오답 노트는 자신의 약점을 파악하고 보완하는 데 큰 도움이 돼요. 틀린 문제를 다시 풀어보면서 왜 틀렸는지 생각해보는 거죠.,,,,,,,,,,,
,,학생,한 번 해봐야겠어요. 그런데 시간이 너무 오래 걸리지 않을까요?,,,,,,,,,,,
,,선생님,"처음엔 시간이 걸리겠지만, 익숙해지면 공부 효율이 훨씬 좋아질 거예요.",,,,,,,,,,,
044,(진학) 학업,선생님,오답 노트 작성은 해봤나요?,,,,,,,,,,,
,,학생,"네, 몇 번 해봤는데 시간이 좀 걸리긴 했어요.",,,,,,,,,,,
,,선생님,그래도 꾸준히 하다 보면 성적이 오르는 걸 느낄 수 있을 거예요.,,,,,,,,,,,
,,학생,"네, 더 열심히 해볼게요. 그런데 내신 관리도 신경 써야 하는데, 어떻게 하면 좋을까요?",,,,,,,,,,,
,,선생님,내신 관리는 꾸준한 복습이 중요해요. 시험 기간만 집중하기보다는 매일 조금씩 공부하는 습관을 들이는 게 좋아요.,,,,,,,,,,,
,,학생,"매일 공부하는 건 어렵지만, 시도해볼게요.",,,,,,,,,,,
,,선생님,처음엔 적은 양부터 시작해서 점차 늘려가면 될 거예요. 작은 성공을 쌓아가는 것이 중요하니까요.,,,,,,,,,,,
,,학생,알겠습니다. 내신도 신경 쓰면서 공부할게요.,,,,,,,,,,,
,,선생님,그렇게 꾸준히 노력하면 좋은 결과를 얻을 수 있을 거예요.,,,,,,,,,,,
,,학생,"네, 열심히 해보겠습니다!",,,,,,,,,,,
045,(진학) 학업,학생,"안녕하세요, 선생님. 학교생활기록부 관리에 대해 여쭤보고 싶어서요. 어떤 활동들을 기록하는 게 좋을까요?",,,,,,,,,,,
,,선생님,"학교생활기록부는 교과 성적뿐만 아니라, 각종 활동과 교과목 세부능력 특기사항이 매우 중요해요. 본인의 진로와 관련된 활동을 적극적으로 참여하고, 이를 잘 기록하는 것이 좋아. 대학교 갈때, n수생과 경쟁하지 않으려면, 현역에게 유리한 수시전형으로 가는게 상대적으로 유리하니까..",,,,,,,,,,,
,,학생,"앗, 진짜요... 내신도 안좋은데... 우선 또 그렇다면 어떤 활동을 구체적으로 해야 할지 잘 모르겠어요.",,,,,,,,,,,
,,선생님,관심 희망 계열은 혹시 어느 분야이니? 꿈에대해 말해줘볼래?,,,,,,,,,,,
,,학생,아직 꿈은 정확히 못정했고요...솔직히.. 희망 계열 진로는 경영학 쪽으로 생각 중인데요.,,,,,,,,,,,
,,선생님,"경영학이라면, 경제나 기업 관련 활동에 참여해보는 것이 좋겠네요. 예를 들어, 경제 동아리나 창업 관련 프로젝트, 경시 대회 같은 활동을 추천할게.",,,,,,,,,,,
,,학생,그럼 교과목 세부능력 특기사항에는 어떤 내용을 적으면 좋을까요?,,,,,,,,,,,
,,선생님,"세부능력 특기사항은 수업 중에 적극적으로 발표하거나, 팀 프로젝트에서 리더 역할을 맡는 등의 활동을 구체적으로 기록하는 것이 좋아. 각 과목에서 어떤 역량을 키웠는지도 언급하면 좋고. 대학교 갈때 중요한 이 학생이 우리 대학교에와서 수학할 학업적 잠재력을 보옂는 것이 무엇보다 중요하게 다뤄지는 요소란다.",,,,,,,,,,,
,,학생,"과목마다 다른 내용을 적으려니 부담이 될 때가 있는데, 모든 과목에 다 기록을 잘 남겨야 하나요?",,,,,,,,,,,
,,선생님,"경영학에 가고싶다 했지? 경영, 경제 관련교과인 사회나 전반적으로 국어,또 영어, 사회 및 수학까지 잘 받으면 좋고 더 나아가 전교과에 걸쳐서 받으면 금상첨화긴하지. 그런데 다챙기기 힘들다면 ‘선택과집중’을 하는 것도 좋아.",,,,,,,,,,,
,,학생,흐앙.. 다행이에요 샘~! 전과목 다신경쓰려고 하니 순간 앞이 하얘졌었어요.,,,,,,,,,,,
,,선생님,"모든 과목을 완벽하게 관리하기는 어렵겠지만, 진로와 관련된 핵심 과목들은 신경 써서 관리해야 해요. 특히 본인이 흥미 있는 과목에서 꾸준한 성취와 참여를 보이는 것이 중요하단다.",,,,,,,,,,,
,,학생,"알겠습니다. 그럼 앞으로는 제가 활동하는 걸 더 구체적으로 기록하고, 선생님께 자주 확인받도록 하겠습니다.",,,,,,,,,,,
046,(진학) 학업,학생,"선생님, 요즘 내신 성적 때문에 고민이 많아요. 특히 수학과 과학 성적이 잘 안 나와서 걱정이에요.",,,,,,,,,,,
,,선생님,내신 관리는 매우 중요한 부분이지. 특히 수학과 과학은 개념 이해가 중요해. 어려움을 느끼는 부분이 있니?,,,,,,,,,,,
,,학생,"네, 개념은 어느 정도 알겠는데 문제풀이에서 실수가 많아요. 어떻게 하면 실수를 줄일 수 있을까요?",,,,,,,,,,,
,,선생님,"문제풀이에서 실수를 줄이기 위해서는 먼저 문제를 꼼꼼하게 읽고, 단계별로 풀이 과정을 확인하는 연습이 필요해. 평소 문제 풀이 시간을 재면서 푸는 습관도 도움이 될 거란다.",,,,,,,,,,,
,,학생,알겠습니다. 그런데 공부 습관도 잘 안 잡혀서 자주 집중력이 흐트러져요. 좋은 공부 습관을 어떻게 만들 수 있을까요?,,,,,,,,,,,
,,선생님,"우선 짧게라도 계획을 세우고, 정해진 시간 동안 집중하는 습관을 들이는 게 중요해. 너무 무리하지 말고, 일정 시간 공부하고 나서 휴식을 취하는 것도 효과적이란다.",,,,,,,,,,,
,,학생,그래도 성적이 안 오르면 어떡하죠? 공부해도 성과가 잘 안 나는 것 같아서요.,,,,,,,,,,,
,,선생님,성적이 바로 오르지 않더라도 꾸준히 하면 반드시 결과가 나와. 계단식으로 성적이 오르는 그런 경우가 있거든? 바로 선생님이 고등학교 3학년때 열심히 공부할 때 경험했었어.,,,,,,,,,,,
,,학생,선생님의 사례시라고요 ?대박,,,,,,,,,,,
,,선생님,"응, 진짜로. 중요한 건 꾸준한 복습과 반복 학습이양. 모르는 부분은 반드시 체크하고 해결하는 습관을 들이면 학업 성과도 점차 개선될 거야.",,,,,,,,,,,
,,학생,감사합니다. 앞으로는 계획을 세우고 꾸준히 실천해볼게요. 샘이 진짜로 사례로 얘기해주시니 더 하고싶은 마음이 생겼어요. 진심으로 감사드립니다.,,,,,,,,,,,
,,선생님,"응, 그래. 다음에 하다가 또 중간 점검받으러 또오렴.ㅎㅎㅎㅎㅎ",,,,,,,,,,,
047,학업,학생,선생님 저 요즘 성적이 잘 안 나와서 상담이 필요해요. 공부를 어떻게 해야 될지 모르겠어요.,,,,,,,,,,,
,,선생님,"그래, 성적 때문에 고민이 많구나. 혹시 어느 과목이 특히 어려운지, 아니면 전반적으로 힘든건지 이야기 해줄 수 있을까?",,,,,,,,,,,
,,학생,주로 수학이랑 영어가 잘 안돼요. 아무리 공부해도 점수가 잘 안 올라요.,,,,,,,,,,,
,,선생님,수학이랑 영어에서 어려움을 겪고 있구나. 공부할 때 어떻게 하고 있니? 특별한 공부 방법이 있거나 계획을 세워하고 있니?,,,,,,,,,,,
,,학생,"아뇨... 그냥 학교 수업 들은 거 복습하고 문제집 푸는 정도로 진행하고 있어요. 그런데 시간이 부족해서 다 못할 때도 많고, 계획대로 잘 안되는 거 같아요.",,,,,,,,,,,
,,선생님,"계획대로 하기 어려운 부분이 있구나. 공부 습관이랑 시간 관리에서 개선이 필요한 것 같네. 혹시 평소에 공부할 때 집중이 잘 안 되거나, 어디서부터 시작해야 할지 막막한 적도 있었니?",,,,,,,,,,,
,,학생,"네, 맞아요. 막상 책상 앞에 앉아도 집중이 잘 안되고, 할 게 많다 보니까 뭐부터 해야 할지 모르겠어요.",,,,,,,,,,,
,,선생님,"그런 경우가 자주 생기면 성적이 오르게 힘들지. 그럼, 네 공부 습관을 점검하고 어떻게하면 더 효과적으로 공부할 수 있을지 함께 방법을 찾아보면 좋을 거 같아.",,,,,,,,,,,
,,학생,네 좋아요. 어떻게 공부해야 할지 명확해지면 더 집중할 수 있을 거 같아요.,,,,,,,,,,,
,,선생님,"좋아. 그럼 다음 상담 전까지 네가 공부하는 방식과 계획을 점검해보고, 성적을 올리기 위한 구체적인 방법을 찾아보자.",,,,,,,,,,,
,,학생,넵 알겠습니다.,,,,,,,,,,,
048,학업,학생,선생님. 이번 시험을 제대로 망했어요. 요즘 부쩍 성적이 잘 안나와서 어떻게 해야 할지 모르겠어요.,,,,,,,,,,,
,,선생님,"그래, 성적이 잘 안 나와서 고민이구나. 혹시 어느 과목에서 특히 성적이 떨어졌니?",,,,,,,,,,,
,,학생,"주로 국어랑 사회 과목에서 성적이 많이 떨어졌어요. 시험 때마다 문제를 다 푼 것 같은데, 점수가 생각보다 낮게 나와요,.",,,,,,,,,,,
,,선생님,시험을 봤을 때 문제를 다 제대로 푼 것 같아도 점수가 잘 안 나오는 경우가 있지. 혹시 시험 준비는 어떻게 하고 있니? 시험 전 공부 방법이나 시간 분배 같은 걸 어떻게 하고 있는지 궁금해.,,,,,,,,,,,
,,학생,"그냥 책을 여러번 읽고, 기출문제를 풀어보고 있어요.",,,,,,,,,,,
,,선생님,그렇구나. 책을 여러 번 읽고 기출문제를 풀어보는 건 좋은 방법이야. 시험 볼 때는 어때? 시험 때마다 긴장을 많이 하는 편이니?,,,,,,,,,,,
,,학생,헐 맞아요. 시험 볼 때 너무 긴장해서 문제를 풀다가 실수하는 경우가 좀 있어요.,,,,,,,,,,,
,,선생님,"그렇구나. 시험 볼 때 긴장하는 건 누구에게나 있을 수 있는 일이야. 긴장하면 실수할 확률도 높아지고, 특히 시간에 쫓기다 보면 더 그럴 수 있어. 그럼 우리 함께 어떻게하면 시험 중 긴장을 덜 하고 실수를 줄일 수 있을지 생각해볼까?",,,,,,,,,,,
,,학생,네 선생님. 어떻게하면 긴장을 덜 할 수 있을까요?,,,,,,,,,,,
,,선생님,"우선 시험 전에 할 수 있는 마음가짐 훈련이나 시간 관리 방법을 배우는 게 중요해. 또, 시험 중에 갑자기 막막해질 때 대처할 수 있는 몇 가지 방법도 함께 연습하면 좋아. 실수 줄이기에 도움이 될 거야.",,,,,,,,,,,
,,학생,그런 방법이 있으면 좋을 거 같아요... 제가 실수만 안 하면 성적이 더 잘 나올 거 같은데....,,,,,,,,,,,
,,선생님,"실수를 줄이면 분명 성적도 더 잘 나올 거야. 그럼, 다음 상담까지 긴장감을 다스리고 시험을 차분하게 볼 수 있는 연습과 방법에 대해서 고민하고 생각해보자. 문제를 푸는 순서나 시간 배분도 함께 고민해보면 좋겠어.",,,,,,,,,,,
,,학생,"네, 감사합니다. 선생님",,,,,,,,,,,
049,학업,선생님,"상담 신청서를 보니까, 학생부 관리 때문에 왔다고 작성되어 있네요. 구체적으로 어떤 부분이 고민인가요?",,,,,,,,,,,
,,학생,"요즘 대학 보면 학생부가 중요하다고 하는데, 제가 잘 쓰고 있는건지 잘 모르겠어요.",,,,,,,,,,,
,,선생님,현재 학생부에 기재된 내용 중에서 특별히 신경 쓰이는 부분이 있나요?,,,,,,,,,,,
,,학생,"특히 수행평가 부분이요. 발표할 때 긴장해서 잘 못한 것 같은데, 그게 어떻게 기록될지 걱정이에요.",,,,,,,,,,,
,,선생님,학생부에서 수행평가 관련 기록이 주로 어디에 반영되는지 알고 있나요?,,,,,,,,,,,
,,학생,교과세특... 이라고 하던데 정확히는 잘 모르겠어요.,,,,,,,,,,,
,,선생님,"그렇군요. 그럼 먼저 교과세특이 뭔지, 어떤 내용이 들어가는지 함께 알아보는 게 좋겠네요. 그리고 나서 수행평가 내용도 같이 살펴보는 건 어떨까요?",,,,,,,,,,,
,,학생,네. 좋아요! 그리고 앞으로 어떤 걸 준비해야 할지도 알고 싶어요.,,,,,,,,,,,
,,선생님,그래요. 그럼 학생부 중에서도 특히 교과세특을 중심으로 이야기를 나눠보도록 할게요.,,,,,,,,,,,
050,학업,선생님,오늘은 어떤 이야기를 나누고 싶어서 왔나요?,,,,,,,,,,,
,,학생,"공부하는 방법을 잘 모르겠어요. 열심히 하는 것 같은데, 성적이 안 올라요.",,,,,,,,,,,
,,선생님,그렇군요. 현재 어떤 방식으로 공부하고 있나요?,,,,,,,,,,,
,,학생,교과서랑 문제집을 최대한 반복해서 풀고 있어요. 근데 시험 보면 비슷한 문제도 틀려요.,,,,,,,,,,,
,,선생님,하루에 보통 얼마나 공부하나요?,,,,,,,,,,,
,,학생,학원 다녀와서 새벽 1시까지는 하는 거 같아요. 근데 집중이 잘 안돼요,,,,,,,,,,,
,,선생님,긴 시간 동안 공부하고 있네요. 혹시 과목별로 공부하는 방식의 차이는 있나요?,,,,,,,,,,,
,,학생,아니요...... 다 비슷하게 해요. 그게 문제인가요?,,,,,,,,,,,
,,선생님,"과목별 특성에 따라 효과적인 학습 방법이 다를 수 있어요. 다음 상담에서는 네가 주로 어려움을 겪는 과목들을 중심으로, 과목별 학습 전략을 세워보는 건 어떨까요?",,,,,,,,,,,
,,학생,네! 그게 좋을 거 같아요.,,,,,,,,,,,
,,선생님,좋아요. 그럼 다음에 볼 때는 각 과목별로 어떤 부분이 어려운지 미리 생각해오면 좋겠어요.,,,,,,,,,,,
051,학업,학생,쌤 건대랑 충북대 수의학과 전년도 내용 찾아봤어요.,,,,,,,,,,,
,,선생님,OO이가 봤을 때 이해가 좀 가니?,,,,,,,,,,,
,,학생,명확하게는 모르겠지만 일단 내신 성적이 엄청 중요한 건 알겠어요.,,,,,,,,,,,
,,선생님,선생님이 보니까 수의대는 내신은 물론이고 수능이나 논술도 필요할 수도 있겠다.,,,,,,,,,,,
,,학생,저 이대로 수시 준비 괜찮을까요?,,,,,,,,,,,
,,선생님,일단 OO이 1학년 때 성적은 OK. 2학년 1학기가 조금 걱정이지만 2학기랑 3학년 때 커트라인 맞춰서 준비하면 문젠 없을 것 같네. 우선 교과전형이랑 종합전형 중에 어디에 더 목표할지 같이 계획을 짜보면 좋을 것 같아.,,,,,,,,,,,
,,학생,저.. 근데 1학년 때 활동이 거의 없어서요 학생부가 좀 약한데 괜찮을까요?,,,,,,,,,,,
,,선생님,"지금부터 알차게 준비하면 성장 곡선을 보여줄 수 있는 기회가 될 수 있으니 걱정 말고! 일단 남은 2학기부터 앞으로 내신이랑 활동, 세특 준비 어떻게 계획하고 있는지 아니면 목표 같은 것들 작성해서 준비해 올래?",,,,,,,,,,,
052,학업,학생,선생님 교과세특은 제가 따로 작성하거나 관리하는 건가요?,,,,,,,,,,,
,,선생님,"교과 선생님께서 세특과 관련되어 과제를 주시거나, 방법을 알려주실거야. 그러면 그걸 OO이가 열심히 준비해서 선생님께 제출하거나 발표를 하면 돼",,,,,,,,,,,
,,학생,아~ 제가 따로 작성하는 건 아니란 거죠?,,,,,,,,,,,
,,선생님,응응 교과 선생님께서 OO이가 제출하거나 발표하는 내용을 보고 평가를 작성해 주시는 거야,,,,,,,,,,,
,,학생,그러면 교과 선생님과도 따로 상담을 받는 게 좋을까요?,,,,,,,,,,,
,,선생님,"당연하지 그게 가장 좋은 방법이지. 근데 어떤 교과가 되었든 OO이가 이걸 왜 준비했는지, 어떤 부분에서 내가 가장 흥미로움을 느꼈고, 그게 나에게 어떤 영향을 끼쳤는지 처럼 나와, 세특 과제와 잘 연결 짓는 게 정말 중요하단다",,,,,,,,,,,
053,학업,선생님,OO이 오늘 상담받고 싶은 내용이 뭘까?,,,,,,,,,,,
,,학생,중학교랑 너무 달라서 공부를 어떻게 해야 할지 모르겠어요. ,,,,,,,,,,,
,,선생님,무엇을 공부해야 할 지 모르겠다는 걸까? 학과나 대학 정보 등 찾는 방법을 도와주면 될까?,,,,,,,,,,,
,,학생,아뇨. 목표 대학이랑 학과는 있구요. 제게 약한 과목도 알아요. 그런데 공부해야지 하다가 놀기만 해요.,,,,,,,,,,,
,,선생님,"아아~ 그러면 시간 관리랑, 공부 습관에 대해서 이야기를 하면 좋겠다.",,,,,,,,,,,
,,학생,맞아요.. 아 누가 시간마다 저를 잡아다 공부하라고 시키면 좋겠는데,,,,,,,,,,,
,,선생님,"ㅎㅎ OO아 그러면 먼저 평소 어떻게 공부를 하는지, 시간은 어떻게 관리하고 있는지 체크를 해보자. 선생님이 주는 양식에 맞춰서 답변을 써 올래?",,,,,,,,,,,
,,학생,이게 왜요? 그냥 말로만 상담해도 되지 않나요?,,,,,,,,,,,
,,선생님,"내가 생각하고 있는 것과 실제 행동하는 것에 차이가 있을 수 있거든. 때문에 먼저 OO이가 평소 시간을 어떻게 활용하고 있는지 체크해서 공부에 활용할 수 있는 시간을 알아보고, 주기적으로 활용 가능한 시간대에는 습관을 들이면 좋을 것 같아서. 우선 체크한 다음에 다시 상담을 해보자",,,,,,,,,,,
054,학업,학생,"선생님, 안녕하세요.
",,,,,,,,,,,
,,선생님,"그래, 요즘 잘 지내고 있지? 학교 생활은 어때? 재밌게 잘 다니고 있니?",,,,,,,,,,,
,,학생,그냥 그래요. 사실 성적 압박 때문에 뭘 해도 재미가 없어요.,,,,,,,,,,,
,,선생님,"성적 고민이 있나 보구나. 먼저 지난 달 모의고사나 학교 지필평가 성적을 보면서 얘기해 볼까?
",,,,,,,,,,,
,,학생,"아... 그건 좀...
",,,,,,,,,,,
,,선생님,"성적을 올리려면 나의 현 위치와 내가 도달하고자 하는 위치를 먼저 정확히 판단해야겠지? 오늘 자세하게 살펴보면 좋을 것 같아.
",,,,,,,,,,,
,,학생,😮‍💨네.,,,,,,,,,,,
,,선생님,"성적을 올리고 싶다면, 올리고자 하는 이유를 명확히 하는 게 중요해. 그 이유를 생각하면서 진학 목표나 관심 학과까지 정리해 볼 수 있거든. 성적은 부끄러워하지 않아도 돼. 오늘 이 시간에 함께 차근차근 살펴보자.
",,,,,,,,,,,
,,학생,"아, 근데 사실 제가 컴퓨터공학과에 관심이 있긴 한데...
",,,,,,,,,,,
,,선생님,"그렇구나! OO이의 성적으로 갈 수 있는 컴퓨터공학과부터 살펴볼까?
",,,,,,,,,,,
055,학업,학생,"안녕하세요.
",,,,,,,,,,,
,,선생님,"안녕, 어서 와! 오늘은 어떤 내용으로 상담할까? 궁금한 것 있니?
",,,,,,,,,,,
,,학생,"사실 진짜 공부 열심히 해야 하는데, 요즘 점점 집중력이 떨어지는 것 같아 걱정이에요. 저 스마트폰 중독인 것 같아요.",,,,,,,,,,,
,,선생님,그랬구나! 그래도 문제를 스스로 느끼고 먼저 상담을 요청해줘서 선생님은 상당히 긍정적이라고 봐.,,,,,,,,,,,
,,학생,"스마트폰 중독을 넘어 거의 의존인 것 같아요. 10분 공부하고 15분 폰을 봐요. 계속 이러면 성적이 떨어질 것 같은데 솔직히 스카 갈 때 집에 폰 두고 가기 싫어요. 이것도 중독 같아요.
",,,,,,,,,,,
,,선생님,"하루 중 시간을 정해서 스마트폰에게 쉬는 시간을 주고, OO이도 공부 내용에 집중할 수 있는 시간을 만들어 보도록 하자.
",,,,,,,,,,,
,,학생,"스마트폰 집에 두고 스카 가기... 하루 이틀 하다가 또 때려칠 것 같아서 두려워요.
",,,,,,,,,,,
,,선생님,"OO이에게 맞는 폰 중독에서 벗어날 수 있는 방법을 생각해 보자. 그리고 지속적으로 방법을 실천할 수 있는 구체적인 계획도 세우는 게 좋을 것 같아.
",,,,,,,,,,,
,,학생,"솔직히 답은 나와 있는데, 제 의지가 문제인 것 같기도 해요. 선생님이 좀 도와주시면 제가 노력해 볼게요.",,,,,,,,,,,
,,선생님,"그런 마음이라면 충분히 이겨낼 수 있을 거야.
",,,,,,,,,,,
056,학업,선생님,"안녕, OO아! 상담실에 온 걸 환영해",,,,,,,,,,,
,,학생,"네, 선생님. 안녕하세요...",,,,,,,,,,,
,,선생님,"그래, 오늘 이야기해 볼 내용이 무엇일까? ",,,,,,,,,,,
,,학생,"선생님, 제가 미대 입시를 준비하고 있잖아요.",,,,,,,,,,,
,,선생님,"그래, 실기와 내신을 함께 챙기다 보니 많이 바쁘지?",,,,,,,,,,,
,,학생,"바로 그거예요! 사실 상위권 미대는 수학 내신을 반영하거든요. 그런데 제가 미술학원 끝나면 저녁 늦은 시간이고, 급한대로 국어랑 영어 공부를 우선 하거든요.",,,,,,,,,,,
,,선생님,아무래도 수학 교과까지 챙길 시간이 부족하구나.,,,,,,,,,,,
,,학생,"네. 뭐, 핑계일 수도 있지만...",,,,,,,,,,,
,,선생님,OO이는 어느 대학교 미술대학을 목표로 하고 있니? 우선 그 학교에 합격한 입학생들이 어느 정도 내신 성적을 유지했었는지를 알아봐야 할 것 같은데? ,,,,,,,,,,,
,,학생,맞아요. 그런데 고민이 또 있어요. 제가 공부를 해도 수학 내신 성적을 얼마나 올릴 수 있을지 모르겠어요. 차라리 그 시간에 국어 공부를 많이 해야 할 것 같기도 해서요.,,,,,,,,,,,
,,선생님,OO이의 고민이 너무 공감된다. 선생님이 OO이었어도 굉장히 고민을 많이 하고 있을 것 같아. 한번 OO이가 목표로 하는 미대들의 내신 성적과 OO이의 내신 성적을 동시에 살펴보면서 얘기해 볼까?,,,,,,,,,,,
057,학업,학생,"쌤 저는 원래 성적 상위권이었는데요, 고등학교 와서 1학기에 슬럼프도 오고 시험도 제대로 못봐서 3.9등급이 나왔어요. 지금 목표는 연고대 경영학과인데 어느 정도로 성적을 올려야 가능할까요?",,,,,,,,,,,
,,선생님,04이가 슬럼프를 겪은 후에 성적이 낮아져서 고민이 많구나. 공부하는 데 어떤 점이 가장 어려웠니?,,,,,,,,,,,
,,학생,"열심히 안한 건 아닌데, 성적이 그만큼 안나오니까요. ",,,,,,,,,,,
,,선생님,내가 한 만큼 결과가 나오지 않는 건 굉장히 답답하고 속상하지. 하지만 슬럼프를 겪는 건 말하지 않아서 그렇지 흔한 일이야. 중요한 건 어떻게 극복해서 학교 생활과 공부하는 데에 적응할지라고 봐. 04이는 슬럼프를 벗어나려고 특별히 시도해본 것이 있니?,,,,,,,,,,,
,,학생,우선 플래너를 작성하고 있긴 해요. 어쨌든 연고대 가려면 성적을 무조건 올려야 하니까요.,,,,,,,,,,,
,,선생님,학습량이나 시간을 관리하는 건 좋은 방법이야. 목표한 대학에 가려면 얼마나 성적을 올려야 하는 지는 이전 입시자료를 같이 비교해보면서 상담을 하면 좋을 것 같다.,,,,,,,,,,,
,,학생,네 감사합니다. ,,,,,,,,,,,
,,선생님,그래 공부법이랑 성적 관련해서 상담하는 걸로 하자.,,,,,,,,,,,
,,학생,네 안녕히계세요,,,,,,,,,,,
058,학업,학생,안녕하세요. 저는 베이스로 실용음악과에 가서 중학교 음악교사를 하고 싶은데요. 제대로 배운건 아니지만 독학하는 사람 중에서는 잘해요. 그런데 입시 준비랑 내신은 어떻게 해야할지 모르겠어요. 동아리도 그렇고 세특 중요하다고 하는데 어떻게 잘 잡하야하는 걸까요?,,,,,,,,,,,
,,선생님,04이가 음악 교사가 되고 싶어하는구나. 악기 배우는 거는 빠를 수록 좋은 것 같아. 혹시 악기 연주하는 것 외에 따로 하고있는 활동이 있을까?,,,,,,,,,,,
,,학생,아니요. 이제 동아리를 하러고 하고 있어요.,,,,,,,,,,,
,,선생님,동아리에 참여하는 건 좋은 선택이지! 실용음악과를 목표로 하고 있으니 음악 교과목이랑 음악과 관련된 동아리 활동을 하면 유리하게 활용할 수 있을 거야. 목표로 생각하고 있는 대학은 있니?,,,,,,,,,,,
,,학생,아니요 아직은 없는데 이제 찾아볼 생각이에요.,,,,,,,,,,,
,,선생님,"그래 선생님이 상담할 때, 예전에 실용음악과 갔던 선배들 자료를 참고해서 04이가 내신이랑 교내활동 어떻게 하면 더 도움이 될지 얘기해보면 될 것 같다.",,,,,,,,,,,
,,학생,네 감사합니다.,,,,,,,,,,,
059,학업,학생,"쌤.. 다른 애들은 영어 단어 몇번만 봐도 다 외우고 하는데 저는 머리에 들어오지를 않아서 고민이에요. 중학생때는 A받은 적도 많고 공부를 잘하는 편이었는데, 이제는 퇴화됐는지 암기가 안돼요. 어떻게 공부하면 좋을까요?",,,,,,,,,,,
,,선생님,04이가 공부해도 예전만큼 성과가 나오지 않아 많이 답답했겠다. 공부하는 데에 어떤 점이 가장 답답하게 느껴지니?,,,,,,,,,,,
,,학생,한국사 같이 외우는 과목이면 완벽히 암기했다고 생각해서 다른 친구한테 설명할 정도로 외웠다고 생각했는데요. 막상 시험을 치면 많이 틀려요. 특히 객관식에서요. 뭘 더 어떻게 해야 할 지 감이 안와요.,,,,,,,,,,,
,,선생님,준비가 잘 되었다고 생각해도 시험에서 성적이 안나오면 많이 속상하지. 하지만 다 외웠다고 생각이 돼도 시험 당일이 되면 실수할 수 있어. 암기 과목의 실수를 최대한 줄이려면 어떻게 하면 좋을까?,,,,,,,,,,,
,,학생,글쎄요 그냥 외우는 거 밖에 답이 없지 않을까요?,,,,,,,,,,,
,,선생님,외우는 게 제일 중요하지. 하지만 더 잘 외울 수 있도록 다양한 방법을 써볼 수는 있어. 친구들에게 설명하는 것 같이 다양한 방식으로 외운 것을 활용해보면 도움이 될 수 있어. 선생님과 상담하면서 더 좋은 방법이 있을지 같이 도와주면 어떨까?,,,,,,,,,,,
,,학생,네 저 진짜 성적 올려야해요...,,,,,,,,,,,
,,선생님,그래 다음 시험에 더 나은 성적을 받을 수 있도록 선생님이 도와줄게,,,,,,,,,,,
,,학생,네...감사합니다.,,,,,,,,,,,
061,학업,학생,"안녕하세요. 저는 고1입니다. 사회학과를 희망하고 있는데, 대입준비를 하면서 생기부를 어떻게 준비할지 의문이 있어서요. ",,,,,,,,,,,
,,선생님,"사회학과에 진학하기 위해서 생기부를 어떻게 준비해야할지 고민이구나, 어떤 점이 궁금하니?",,,,,,,,,,,
,,학생,"우선 학과랑 관련이 적어도 활동에 적극성이 보이면 좋은 평가를 받을 수 있나요?
그리고 동아리 활동을 하면서 칼럼을 쓰는 과제를 했는데, 내용은 필수 의료분야의 의사부족문제였습니다. 이런 것이 사회학과에 진학할 때 유리한지도 궁금해요. 그리고 지금 성적으로 어느 대학까지 갈 수 있을 지도요",,,,,,,,,,,
,,선생님,가고싶은 학과에 지원하는 데에 활동한 내용이 얼마나 유리할지 알고 싶었구나. 활동의 주제가 달라도 학생의 능력이 얼마나 발휘되었는지도 중요한 요소라고 볼 수 있어. 예전에 사회학과를 지원한 학생들이 어떤 활동을 했는지는 같이 상담하면서 선생님이 정확히 알려줄 수 있을 것 같아.,,,,,,,,,,,
,,학생,네 그리고 지금 성적으로 어느 대학 갈 수 있는지도 알고싶어요,,,,,,,,,,,
,,선생님,그래. 생기부 같이 보면서 자세히 상담하도록 하자. 또 궁금한 점 있니?,,,,,,,,,,,
,,학생,"사회학과 목표라고 했는데, 사회학과가 분야가 다양해서 생기부 준비할 때 한 분야로 집중해서 탐구를 해야할지 아니면 다양하게 걸쳐서 진행하는게 좋을지 헷갈려요",,,,,,,,,,,
,,선생님,"뚜렷한 목표가 있다면 집중해서 탐구해도 좋지만, 그렇다고 해서 유리하거나 불리하다고 말하긴 어려워. 중요한건 어떤 부분에 관심이 있어서 공부하고 활동하면서 성장했냐는 거야. 어떤 활동을 하면 좋을지 상담하면서 얘기해보자.",,,,,,,,,,,
,,학생,네 감사합니다.,,,,,,,,,,,
061,(진학) 입시,선생님,어서 오렴. 그동안 잘 지냈지? 오늘은 뭘 도와줄까?,,,,,,,,,,,
,,학생,"선생님~ 제가 6월 모의 수능 성적이 나왔는데, 이 성적으로 갈 수 있는 대학이 있는지 궁금해요.",,,,,,,,,,,
,,선생님,은서가 이번에 6모성적이 나와서 갈 수 있는 대학을 궁금해 하는구나.,,,,,,,,,,,
,,학생,"재수생도 많아지고, 학생부로 갈 수 있는 대학과 비교해서 어느 쪽이 제게 유리한지도 비교해보고 싶어요",,,,,,,,,,,
,,선생님,"그래, 그럼, 먼저 네  학생부를 보면서 교과 성적과 비교과 내용을 분석해서 수시로 갈 수 있는 대학을 알아보고, 6모 성적을 토대로 이 성적이 수능에서 나온다고 가정하고, 갈 수 있는 대학에 대해 함께 알아보자.",,,,,,,,,,,
062,(진학) 입시,선생님,어서 오렴. 그동안 잘 지냈지? 오늘은 뭘 도와줄까?,,,,,,,,,,,
,,학생,"생님. 제가 6월 모의 수능 성적이 나왔는데, 망쳤어요. 이 성적으로 갈 수 있는 대학이 없는 것 같아서 속상해요. 정시 말고 어떤 전형이 있을까요?",,,,,,,,,,,
,,선생님,"은서가 6모를 많이 못봤나보다. 너무 실망하지 말고, 그동안 열심히 학교 생활 했으니 선생님과 함께 하나씩 알아보자.",,,,,,,,,,,
,,학생,수시에는 어떤 전형들이 있을까요?,,,,,,,,,,,
,,선생님,"수시에는 학생부 교과, 학생부 종합, 실기 전형, 논술 전형 등이 있어. 일단 네 학생부를 보고, 네가 그동안 어떤 준비를 했고, 어떤 면에서 강점이 있는지 하나씩 선생님과 함께 알아보자~",,,,,,,,,,,
063,(진학) 입시,선생님,입시 준비를 시작하려고 한다고 들었어요. 어떤 대학을 목표로 하고 있나요?,,,,,,,,,,,
,,학생,"아직 정확하게 정하지는 않았는데, 제 성적에 맞는 대학을 찾고 있어요.",,,,,,,,,,,
,,선생님,성적은 현재 어느 정도인가요? 그리고 어느 정도의 대학을 목표로 하고 있나요?,,,,,,,,,,,
,,학생,"성적은 상위권이긴 한데, 최상위권 대학은 무리일 것 같아서요. 중상위권 정도를 목표로 하고 있어요.",,,,,,,,,,,
,,선생님,그렇다면 내신과 수능 점수에 맞춰 지원할 수 있는 전형을 찾아보는 게 좋겠네요. 성적 외에 비교과 활동은 어떤가요?,,,,,,,,,,,
,,학생,비교과 활동은 많이 해보진 않았어요. 이게 영향을 많이 주나요?,,,,,,,,,,,
,,선생님,비교과 활동은 일부 전형에서 중요한 요소가 될 수 있어요. 특히 학생부종합전형 같은 경우엔 활동이 중요한 역할을 하죠.,,,,,,,,,,,
,,학생,그럼 지금부터라도 활동을 시작해야겠네요.,,,,,,,,,,,
,,선생님,맞아요. 봉사활동이나 동아리 활동을 통해 다양한 경험을 쌓으면 도움이 될 거예요.,,,,,,,,,,,
,,학생,어떤 활동을 해야 가장 도움이 될까요?,,,,,,,,,,,
,,선생님,"본인의 진로와 연결될 수 있는 활동이 가장 좋아요. 그리고 꾸준함이 중요하니, 한두 가지 활동을 깊이 있게 해보는 게 좋겠어요.",,,,,,,,,,,
064,(진학) 입시,선생님,수능 준비는 어떻게 진행되고 있나요?,,,,,,,,,,,
,,학생,아직 수능 공부 계획을 구체적으로 세우지 못했어요. 어떻게 시작해야 할지 모르겠어요.,,,,,,,,,,,
,,선생님,우선 자신의 현재 실력을 파악하는 게 중요해요. 모의고사 성적은 어떤가요?,,,,,,,,,,,
,,학생,"모의고사 성적이 평균 정도 나오는데, 성적이 들쑥날쑥해서 걱정이에요.",,,,,,,,,,,
,,선생님,그렇다면 약한 과목을 먼저 파악하고 그 과목을 집중적으로 보완하는 게 좋겠어요. 어떤 과목이 가장 약한가요?,,,,,,,,,,,
,,학생,"영어가 좀 약한 편이에요. 단어 외우는 것도 어렵고, 독해가 잘 안 돼요.",,,,,,,,,,,
,,선생님,"영어는 기초를 탄탄히 다지는 게 중요해요. 단어장은 하루에 조금씩 꾸준히 외우고, 독해는 지문을 여러 번 읽어보는 연습을 하면 도움이 될 거예요.",,,,,,,,,,,
,,학생,시간이 부족할 것 같아서 걱정이에요.,,,,,,,,,,,
,,선생님,시간을 효율적으로 쓰기 위해선 하루 학습 계획을 세워서 시간 관리를 철저히 해야 해요. 영어 공부 시간을 따로 할당해보세요.,,,,,,,,,,,
,,학생,알겠습니다. 수능 공부를 좀 더 체계적으로 해봐야겠네요.,,,,,,,,,,,
065,(진학) 입시,학생,"안녕하세요, 선생님. 수능 준비 때문에 고민이 많아서 상담을 신청했어요.",,,,,,,,,,,
,,선생님,"그래, 수능 준비가 많이 힘들지? 어떤 부분이 가장 고민이야?",,,,,,,,,,,
,,학생,"저는 수학이 특히 걱정돼요. 다른 과목은 그래도 자신이 있는데, 수학만 성적이 안 나와서요.",,,,,,,,,,,
,,선생님,수학이 많이 어렵구나. 지금 어느 정도로 공부하고 있어?,,,,,,,,,,,
,,학생,"하루에 2시간씩 꾸준히 풀고는 있는데, 기출 문제를 풀 때도 실수가 자꾸 나와서 점수가 안 올라요.",,,,,,,,,,,
,,선생님,"실수는 기출을 반복하면서 줄일 수 있어. 일단 틀린 문제를 그냥 넘기지 말고, 왜 틀렸는지 이유를 확실히 분석해야 해. 그걸 꾸준히 정리해보면 좋아.",,,,,,,,,,,
,,학생,"틀린 문제 분석은 조금 귀찮아서 잘 안 하고 넘어갔는데, 그게 중요한가 보네요.",,,,,,,,,,,
,,선생님,"엄청 중요하지. 틀린 문제는 반드시 다시 풀어보고, 같은 유형이 나오면 실수하지 않게 연습하는 게 포인트야. 그리고 시간 배분도 중요해. 모의고사로 시간 관리도 연습해봐.",,,,,,,,,,,
,,학생,"네, 알겠습니다. 그러면 하루에 수학 공부를 몇 시간씩 더 늘려야 할까요?",,,,,,,,,,,
,,선생님,"시간도 중요하지만, 얼마나 집중해서 하느냐가 더 중요해. 너무 많은 시간을 투자하기보다는, 2시간을 하더라도 집중해서 틀린 문제를 정리하고, 그 부분을 확실히 해결하는 데 중점을 두는 게 좋아.",,,,,,,,,,,
066,(진학) 입시,학생,"안녕하세요, 선생님. 오늘은 언어영역이랑 영어 공부 방법에 대해 상담받고 싶어요. 두 과목 다 성적이 잘 안 나와서요.",,,,,,,,,,,
,,선생님,"그래, 언어영역이랑 영어 둘 다 힘들지. 어디부터 얘기해볼까? 언어영역 먼저?",,,,,,,,,,,
,,학생,"네, 언어영역이 정말 어렵더라고요. 지문이 너무 길고, 무슨 말을 하는 건지 헷갈릴 때가 많아요.",,,,,,,,,,,
,,선생님,"맞아, 언어영역은 긴 지문 읽기가 관건이야. 일단 지문을 빠르게 읽으려고 하기보다는, 문단별로 핵심 내용을 정리하면서 읽는 습관을 들이면 좋아. 중심 내용과 부차적인 내용을 구분하는 연습이 필요해.",,,,,,,,,,,
,,학생,중심 내용이랑 부차적인 내용을 어떻게 구분해야 할지 잘 모르겠어요. 중요한 부분을 놓치고 넘어가는 것 같아요.,,,,,,,,,,,
,,선생님,"그럴 땐, 각 문단의 첫 문장이나 마지막 문장을 잘 봐. 대개 중심 내용이 거기에 나오는 경우가 많거든. 그리고 기출문제를 풀면서 자주 나오는 유형을 파악하는 것도 좋아. 지문이 복잡해 보이더라도, 문제에서 묻는 핵심만 찾아내는 연습을 계속해야 해.",,,,,,,,,,,
,,학생,"네, 기출문제 분석을 더 해봐야겠네요. 그럼 영어는 어떻게 공부해야 할까요? 단어도 어렵고, 듣기도 자꾸 놓치는 것 같아요.",,,,,,,,,,,
,,선생님,영어는 먼저 기본이 되는 단어 실력을 확실히 다져야 해. 단어가 부족하면 해석이 어려울 수밖에 없거든. 하루에 외울 수 있는 양을 정해두고 꾸준히 반복하는 게 중요해. 그리고 듣기는 평소에 자주 듣는 게 좋아. 뉴스나 영어 방송을 들으면서 귀를 익히면 도움이 될 거야.,,,,,,,,,,,
,,학생,"듣기는 어느 정도 들리긴 하는데, 문제에서 요구하는 부분을 놓칠 때가 많아요.",,,,,,,,,,,
,,선생님,그건 집중해서 듣는 부분을 훈련하는 게 필요해. 듣기 문제는 보통 핵심 내용이 나오는 지점을 놓치면 점수를 잃기 쉽거든. 대화를 미리 예측해보는 연습을 해봐. 문제를 보기 전에 어떤 대화 주제일지 추측하면서 들으면 핵심 내용을 더 쉽게 잡아낼 수 있어.,,,,,,,,,,,
,,학생,"아, 대화 내용을 미리 예상하면서 듣는 거군요. 그 방법을 시도해볼게요. 그리고 영어 독해도 시간이 부족한데, 어떻게 하면 좋을까요?",,,,,,,,,,,
,,선생님,"독해는 시간을 효율적으로 쓰는 게 중요해. 우선, 지문을 다 읽고 문제를 푸는 것보다는, 문제부터 읽고 나서 지문의 어떤 부분에서 답을 찾아야 할지 감을 잡는 게 좋아. 문제에서 요구하는 정보만 빠르게 찾는 훈련을 반복하다 보면 시간을 절약할 수 있을 거야.",,,,,,,,,,,
,,학생,"문제 먼저 읽고 지문에서 답을 찾는 연습을 해야겠네요. 감사합니다, 선생님! 알려주신 방법으로 다시 해볼게요.",,,,,,,,,,,
,,선생님,"그래, 꾸준히 하다 보면 실력이 확실히 늘 거야. 또 궁금한 거 생기면 언제든지 와서 물어봐.",,,,,,,,,,,
067,(진학) 입시,학생,"선생님, 제가 대학교 전공을 아직 확실히 정하지 못해서 고민이에요.",,,,,,,,,,,
,,선생님,아직 결정하기 어렵지? 어떤 쪽으로 생각 중이야?,,,,,,,,,,,
,,학생,"경영학과 심리학 중에 고민 중인데, 제가 어느 쪽이 더 잘 맞는지 모르겠어요.",,,,,,,,,,,
,,선생님,두 전공 다 관심이 있는 거야?,,,,,,,,,,,
,,학생,"네, 경영학은 취업에 유리할 것 같고, 심리학은 제가 흥미를 느끼는 분야라서요. 둘 중 어느 쪽을 선택해야 할지 모르겠어요.",,,,,,,,,,,
,,선생님,"흥미와 취업, 두 가지가 고민인 거구나. 둘 다 중요한 요소야. 그런데 본인이 더 열정적으로 공부할 수 있는 분야가 무엇인지 먼저 생각해봐. 대학은 오래 공부하는 곳이니까.",,,,,,,,,,,
,,학생,"맞아요. 흥미가 있는 심리학을 가면 취업이 걱정되고, 경영학을 가면 재미없을까 봐 걱정돼요.",,,,,,,,,,,
,,선생님,"그럼 둘 다 관련된 수업을 찾아보거나, 학과 설명회를 들어보는 건 어때? 그리고 취업도 중요하지만, 대학에서 학업을 즐기면서 발전할 수 있는지를 더 고민해보면 좋아.",,,,,,,,,,,
,,학생,"알겠습니다. 그럼, 혹시 저한테 맞는 입시 전형도 좀 추천해 주실 수 있을까요?",,,,,,,,,,,
,,선생님,"현이는 내신도 좋고, 학생부 활동도 잘해왔으니까 종합 전형을 고려해보는 게 좋을 것 같아. 수능 최저가 있는지 확인하고, 그에 맞춰 준비하면 될 것 같아.",,,,,,,,,,,
068,입시,선생님,어서 와! 요즘 어떻게 지냈니? 오늘은 어떤 고민을 가지고 있니?,,,,,,,,,,,
,,학생,선생님 요즘 진짜 너무 고민이 많아요. 이번 6월 모의고사 성적이 기대만큼 안 나왔어요. 그래서 수능만으로 대학 가는 게 어려울 거 같아요,,,,,,,,,,,
,,선생님,그랬구나. 성적이 기대만큼 나오지 않으면 실망스러울 수 있어. 그런데 너무 걱정하지마 수능만이 답은 아니니까. 혹시 수시 전형은 생각해봤니?,,,,,,,,,,,
,,학생,네. 이번 성적을 보고 수시 전형도 생각하고 있어요. 근데 성적이 괜찮은지 잘 모르겠어요. 수시에 어떤 전형이 있는지도 잘 모르겠구요.,,,,,,,,,,,
,,선생님,"수시에는 학생부 교과, 학생부 종합, 그리고 논술 전형이나 실기 전형도 있어. 네가 그동안 교과 성적과 비교과 활동을 보고 어떤 전형이 더 유리할지 같이 살펴보면 좋겠어.",,,,,,,,,,,
,,학생,학생부보면 비교과 활동이 너무 부족하지 않을까 걱정이에요. 동아리 활동은 열심히하긴 했는데 큰 상 받은 것도 없고 저는 정시파이터였거든요.,,,,,,,,,,,
,,선생님,"정시 위주로 준비했다고 해도, 수시로 충분히 좋은 기회를 잡을 수 있어. 어떤 활동에 성실하게 참여했는지 그 과정에서 얻은 경험이 무엇인지가 중요해.",,,,,,,,,,,
,,학생,비교과 활동이 부족한 게 불리할 거 같아요.,,,,,,,,,,,
,,선생님,"꼭 그렇진 않아. 네가 했던 활동을 잘 정리하고, 그 활동에서 배운 점을 자기소개서나 면접에서 잘 표현하면 돼.",,,,,,,,,,,
,,학생,알겠습니다. 그럼 자기소개서도 준비하는 게 좋겠네요? 저 같은 경우는 어떤 부분을 강조하면 좋을까요?,,,,,,,,,,,
,,선생님,"동아리 활동이나 교과 공부를 하면서 느낀점, 그리고 앞으로의 계획을 진솔하게 작성하면 좋을 거 같아. 정시를 준비하면서도 학업에 열정을 가지고 꾸준히 노력한 점을 강조할 수 있을 거 같아.",,,,,,,,,,,
,,학생,넵 알겠습니다. 작성해서 보여드려도 될까요?,,,,,,,,,,,
,,선생님,좋아. 다음 상담때까지 자기소개서나 면접 준비 계획이나 내용을 확인하고 계속 같이 고민해보자.,,,,,,,,,,,
069,입시,학생,선생님 저 자소서랑 면접 준비 때문에 너무 걱정돼요. 어떻게 해야 될 지 모르겠어요,,,,,,,,,,,
,,선생님,"그래, 자소서랑 면접은 처음 준비하면 막막할 수 있지. 일단 자소서는 네가 했던 활동들을 정리하고, 그 활동에서 배운 점을 잘 표현하는 게 중요해.",,,,,,,,,,,
,,학생,그런데 제가 해온 활동들이 별로 특별하지 않아서 어떻게 쓰면 좋을지 모르겠어요.,,,,,,,,,,,
,,선생님,"활동이 특별하지 않더라도, 그 과정에서 네가 배운 점이나 성장을 잘 보여주는 게 중요해. 면접도 마찬가지야. 활동의 내용도 물론 중요하지만, 네가 어떻게 느끼고 어떤 성장을 했는지도 중요해.",,,,,,,,,,,
,,학생,"아, 그러면 활동을 정리하면서 제가 느낀점을 좀 더 깊게 생각해봐야겠네요.",,,,,,,,,,,
,,선생님,"맞아. 그리고 면접에서는 너무 긴장하지 말고, 네 생각을 솔직하게 말하면 돼. 준비한 만큼 자신감을 가지면 좋은 결과가 있을 거야.",,,,,,,,,,,
,,학생,감사합니다. 선생님! 좀 더 구체적으로 준비해볼게요.,,,,,,,,,,,
070,입시,선생님,상담 신청했지? 어떤 도움이 필요한지 물어봐도 될까?,,,,,,,,,,,
,,학생,"네, 수능 준비가 어려워서 상담을 받고 싶어요. 수능 준비를 어떻게 시작해야 될지 모르겠어요.",,,,,,,,,,,
,,선생님,지금 몇 학년이지?,,,,,,,,,,,
,,학생,"2학년이요. 아직 멀었다고 생각했는데, 다들 벌써 수능 준비한다고 해서...",,,,,,,,,,,
,,선생님,"그렇구나, 진행했던 모의고사는 다 봤니?",,,,,,,,,,,
,,학생,작년 6월이랑 9월에 봤어요. 근데 점수가 생각보다 잘 안 나왔어요.,,,,,,,,,,,
,,선생님,어떤 영역이 특히 어렵게 느껴졌어?,,,,,,,,,,,
,,학생,수학이요. 시간이 부족해서 다 못 풀었어요.,,,,,,,,,,,
,,선생님,수학에서 특히 시간 관리가 어려웠던 거구나. 다른 영역은 어땠어?,,,,,,,,,,,
,,학생,"국어는 그럭저럭이었는데, 영어는 모르는 단어가 많았어요.",,,,,,,,,,,
,,선생님,"그래 알겠어. 그럼 모의고사 성적을 바탕으로, 영역별로 어떤 준비가 필요한지 구체적으로 계획을 함께 세워보면 좋을 거 같아.",,,,,,,,,,,
071,입시,선생님,어떤 상담이 필요해서 왔니?,,,,,,,,,,,
,,학생,제가 어떤 전형으로 접수해야 대학을 갈 수 있을지 모르겠어요.,,,,,,,,,,,
,,선생님,지금까지 생각해본 전형이 있어?,,,,,,,,,,,
,,선생님,학생부 종합 전형이요. 근데 제가 특별한 활동이 없어서 안 될 거 같기도 하고... 고민이 많아요.,,,,,,,,,,,
,,학생,"고민이 많구나, 혹시 내신 성적은 어느정도인지 알 수 있을까?",,,,,,,,,,,
,,선생님,평균 2등급 초반대예요.,,,,,,,,,,,
,,학생,"그럼, 혹시 지금 생각하고 있는 대학이나 학과가 있어?",,,,,,,,,,,
,,선생님,경영학과를 가고 싶어요. 인서울 가고 싶은데 너무 욕심인가요?,,,,,,,,,,,
,,학생,"구체적인 목표가 있어서 다행이다. 다음 상담 때 네 현재 내신, 모의고사 성적, 학생부 기록을 종합적으로 보면서, 목표 대학의 다양한 전형들을 비교해볼까?",,,,,,,,,,,
,,선생님,네 선생님 그러면 좋을 거 같아요. 감사합니다.,,,,,,,,,,,
072,입시,학생,쌤 큰일 났어요. 저 대학교 못 가면 어떡해요,,,,,,,,,,,
,,선생님,대학교는 갈 수 있지. 가고 싶은 대학교를 못 갈까 봐 걱정을 해야지. 가고 싶은 대학이나 과는 있니?,,,,,,,,,,,
,,학생,대학교는 아직 못 정했고요. 과는 있어요. 승무원이 꿈이라서 항공과 목표하고 있어요.,,,,,,,,,,,
,,선생님,OO이도 수시를 생각 중이니? 보통 항공과 준비했던 학생들이 정시보단 수시로들 많이 도전하더라구.,,,,,,,,,,,
,,학생,아 그런가요? 저는 수능만 생각하고 모고 망해서 승무원 못 될까 봐 걱정했어요. 저는 그냥 승무원 될 수 있는 과만 가면 돼요. 지역도 어디든 상관없어요.,,,,,,,,,,,
,,선생님,"그럼 OO이 내신 성적이랑 모고 성적을 보자. 그리고 안전/상향 지원 가능한 학교들 좀 찾아보고, 더 수월하게 준비할 수 있는 입시 전형을 선택하면 좋을 것 같네.",,,,,,,,,,,
,,학생,저 내신도 자신 없어서 수능만 생각했는데 괜찮을까요?,,,,,,,,,,,
,,선생님,"수시가 뽑는 인원도 많고, 수능 최저도 없어서 좀 더 수월한 편이거든. 아직까지는 수시를 추천하고 싶은데 선생님도 OO이 성적을 봐야 좀 더 정확한 답변이 가능할 것 같아",,,,,,,,,,,
073,입시,학생,선생님 저 3월/6월 모의고사 성적표 가지고 왔어요,,,,,,,,,,,
,,선생님,OO이는 정시랑 논술 준비한다고 했지? 어디보자.. 성적이 많이 좋아졌네. 근데 서울대 인문대학은 수능 외에도 학교 성적을 보니까 절대 내신도 놓으면 안 되는 거 알지?,,,,,,,,,,,
,,학생,네네. 내신도 가능하면 최대한 신경써서 유지할 거예여.,,,,,,,,,,,
,,선생님,일단 고사 성적표 보니 다른 과목에 비해 국어가 어렵니?,,,,,,,,,,,
,,학생,그건 아니고요. 아침잠이 많아서 집중이 잘 안 되는 게 문제에요,,,,,,,,,,,
,,선생님,그럼 앞으로 수능 대비해서 수능 시간표에 맞춰 컨디션을 맞추는 노력이 필요할 것 같네,,,,,,,,,,,
,,학생,고칠 수 있을까요?,,,,,,,,,,,
,,선생님,"성적도 점점 좋아지도록 노력했는 데, 당연히 컨디션 조절도 노력하면 바뀌지 않을까? 컨디션 조절도 결국 능력 싸움이니까 OO이는 할 수 있을거야",,,,,,,,,,,
074,입시,선생님,OO이는 장래희망이 정해졌다고 했지?,,,,,,,,,,,
,,학생,넵. 저는 유치원선생님이 되고 싶어요. 그래서 과를 찾아봤는데 생각보다 다양해서 어떤 걸 집중적으로 선택할지 모르겠어요.,,,,,,,,,,,
,,선생님,알아본 과들이 무엇일까?,,,,,,,,,,,
,,학생,"유아교육과, 유아교육학과, 아동복지과, 아동학과, 아동복지학과요. 커리어넷에 검색하니까 이렇게 나오더라구요. 내용도 거의 비슷해서 잘 모르겠어요",,,,,,,,,,,
,,선생님,그렇네 과명만 들어봐도 거의 비슷해서 선택에 어려움이 있을 것 같네. 선생님이 알고 있는 걸 좀 쉽게 설명해 주자면 유아교육과는 사범대 소속이라 좀 더 유아 교육에 전문적인 내용을 배우는 것으로 알고 있어.,,,,,,,,,,,
,,학생,저는 가능하면 좀 더 전문적인 유치원 선생님이 되고 싶어요.,,,,,,,,,,,
,,선생님,그러면 찾아본 과들의 차이점과 향후 연관 직업들을 찾아보고 OO이가 생각하는 전문적인 선생님과 맞는 부분을 알아보자. 우선 선생님이 관련된 사이트를 알려줄테니까 한번 찾아서 보고 다시 상담을 해볼까?,,,,,,,,,,,
075,입시,학생,"선생님, 안녕하세요.",,,,,,,,,,,
,,선생님,"안녕, 오늘 '입시' 관련해서 상담을 받고 싶다고 써 놨더라. 구체적으로 무엇이 궁금하니?",,,,,,,,,,,
,,학생,"네, 맞아요. 현재 정시를 준비하고 있는데... 제가 수시로 딱히 승부를 걸 만한 게 없어서요.",,,,,,,,,,,
,,선생님,그래? 이제껏 학교 생활을 하면서 차곡차곡 모아온 OO이만의 특색이 담긴 기록이 있을 텐데. 반드시 정시여야 하는 이유가 있니?,,,,,,,,,,,
,,학생,내신이 별로거든요. 사실 제가 1학년 때 성적이 많이 안 좋아요. 그리고 모의고사 등급이 내신 등급보다 잘 나오기도 하고...,,,,,,,,,,,
,,선생님,"어디 보자... 음, 구체적인 분석은 좀 더 필요하겠지만, 선생님이 보기에 이 정도 등급 차는 많이들 나긴 해. 수시를 완전히 포기하기에는 좀 아까운 거지.",,,,,,,,,,,
,,학생,지금 이것도 겨우 받은 내신 성적이라서요. 차라리 이 시간에 수능 공부를 하는 게 낫지 않을까 싶어요.,,,,,,,,,,,
,,선생님,한쪽에 치우친 전략은 그만큼 위험 부담이 있기 때문에... 선생님으로서는 안전한 전략을 추천한다만. 오늘은 OO이의 의견을 좀 더 들어보고 앞으로의 계획을 좀 더 상세히 살펴봐야겠구나.,,,,,,,,,,,
076,입시,학생,"선생님, 안녕하세요!",,,,,,,,,,,
,,선생님,오랜만이야. 그동안 잘 지냈니?,,,,,,,,,,,
,,학생,"네, 선생님.",,,,,,,,,,,
,,선생님,지난 번 상담 때 고민했던 대학교 학과나 전공에 대해서 생각해 보았니?,,,,,,,,,,,
,,학생,네. 오늘도 그 상담하러 온 거예요. 저번에는 막연하게 게임을 좋아하니까 프로그래밍 관련 학과를 생각했었는데...,,,,,,,,,,,
,,선생님,"그래, 그랬지.",,,,,,,,,,,
,,학생,저 기후 관련 학과로 진로를 정했어요.,,,,,,,,,,,
,,선생님,그래? 갑자기 환경공학과나 지구과학과를 생각하게 된 이유는 뭐지?,,,,,,,,,,,
,,학생,"사실 게임은 그냥 취미이고 가까이 있다 보니 막연히 그렇게 생각했던 거고요. 그보다는 기후변화나 해양 환경 같은 거에 관심이 많거든요. 지난번에 자연 다큐멘터리를 보면서 엄청 감동받았고, 그동안 독후감 써 놓은 거 보니까 환경 분야 책도 꽤 많았더라고요.",,,,,,,,,,,
,,선생님,비로소 관심사를 찾은 거구나!,,,,,,,,,,,
,,학생,"네, 그래서 제가 찾아보니, 학과 이름이 서로 비슷비슷해서 또 모르겠는 거예요. 환경공학과, 지구해양과학과, 천문학과, 환경생태공학과, 환경에너지공학과, 환경학과, 해양바이오공학과... 서로 조금씩 다른 걸 배울 것 같아서 또 선택을 해야 되더라고요.",,,,,,,,,,,
,,선생님,"비슷해 보이는 학과명이어도, 학교나 학과마다 커리큘럼이나 배우는 것이 조금씩 다르기도 해. 이럴 땐 각 대학교 홈페이지를 참고해 보는 것도 좋아. 오늘은 OO이의 희망 진학 학과 범위를 좀 더 좁혀보자.",,,,,,,,,,,
077,입시,학생,쌤 저 성적에 맞는 대학 좀 추천해주세요. 드라마 작가가 꿈인데 알맞은 학과나 성적이나 걸리는 점이 많아요,,,,,,,,,,,
,,선생님,하고 싶은 일에 맞게 학과를 찾고 있는거구나! 드라마 작가는 글을 써야하니까 글쓰는 학과는 문예창작학과가 대표적이지. 하지만 반드시 가야하는 것은 아니니까 조금 폭넓게 생각해보는 게 좋겠다. 혹시 성적은 지금 어떻게 될까?,,,,,,,,,,,
,,학생,일단 2학년 기준 내신 6등급이에요.,,,,,,,,,,,
,,선생님,그렇구나. 앞으로 성적을 올리는 것도 생각해보자. 우선 말해준 내신 기준으로 선생님이 대학이랑 학과 어디가 좋을지 같이 고민해볼게. 혹시 생각해본 대학은 있어?,,,,,,,,,,,
,,학생,아니요 정해진게 없어요. 근데 웬만하면 여기 충청도 지역이면 좋고 경기도까지 괜찮을 것 같아요.,,,,,,,,,,,
,,선생님,"대학교 위치를 먼저 생각해봤구나. 선생님이 06이가 말해준 지역으로 어떤 대학이 있는지, 괜찮은 학과는 뭐가 있을지 준비해서 상담하면서 더 자세히 알아보도록 하자. 더 궁금한 것 있니?",,,,,,,,,,,
,,학생,아니요 일단 지금 궁금한 건 없어요.,,,,,,,,,,,
,,선생님,알겠어 그럼 상담 시간에 보자.,,,,,,,,,,,
078,입시,학생,쌤 저 간호학과 가려고 하는데 어떤 전형으로 가야할 지 모르겠어요.,,,,,,,,,,,
,,선생님,그래 06이가 어떤 전형으로 가야 유리할지 고민되나보다. 지금 성적은 어떻게 되니?,,,,,,,,,,,
,,학생,일단 내신은 2등급 초반이긴 해요. 그래서 좀 애매해서요,,,,,,,,,,,
,,선생님,그렇구나. 혹시 지금 목표로 하는 대학교는 있니?,,,,,,,,,,,
,,학생,딱 어디라고 정해둔 건 아닌데 인서울로 가고 싶어요.,,,,,,,,,,,
,,선생님,그럼 선생님이 06이 성적이랑 작년 합격자 자료 확인해서 안정적일지 불안할지 전체적으로 검토해보자. 성적 말고도 평가요소 더 있으니까 다 검토해서 어느 전형이 더 유리할지 찾아보는 걸로 하자.,,,,,,,,,,,
,,학생,네 감사합니다. 그때 뵐게요,,,,,,,,,,,
079,입시,선생님,06이 무슨 일있어? ,,,,,,,,,,,
,,학생,썜 저는 무조건 수능으로 가려고 해서요. 내신은 5등급인데 모의고사는 평균 1.7나오는데 연세대 경제학과나 법학과 갈 수 있을까요? ,,,,,,,,,,,
,,선생님,06이는 입시 방향을 되게 빨리 정했네. 무조건 정시로 가려고 모의고사 성적 관리를 열심히 했구나,,,,,,,,,,,
,,학생,네 근데 정시로 가도 내신을 반영 하는지 궁금해서요. 그러면 좀 불리할 수도 있으니까 논술도 생각해보긴 했는데. 준비는 언제부터 해야하는지도 알고 싶어서요.,,,,,,,,,,,
,,선생님,정시 지원할 때 내신 반영하는지랑 논술전형이 궁금했구나. 그럼 입시 전형을 확인해봐야할 것 같아. 그럼 궁금증이랑 입시 전략도 같이 세워볼 수 있을 것 같네. 이따 시간될 때 선생님 찾아올래?,,,,,,,,,,,
,,학생,네 알겠습니다.,,,,,,,,,,,
,,선생님,그래 이따보자~,,,,,,,,,,,
080,입시,학생,쌤 큰일났어요. 학종으로 경북대 화학공학과 쓰려고 하는데 화학이 b나올거같아요. 영향 크겠죠?ㅜㅜㅜ,,,,,,,,,,,
,,선생님,성적이 생각보다 낮아질까봐 걱정이 많겠다. 우선 학생부 종합전형은 성적이 비중높게 반영되긴 하지. 영향이 없다고 할 수는 없어. 하지만 전부는 아니니까 다른 요소들로 보완할 수 있도록 하는 것도 하나의 방법이야.,,,,,,,,,,,
,,학생,"교내 동아리도 관련있는 걸로 했는데, 그래도 성적이 낮으니까 지원할 때 불리할까봐 걱정돼서요.",,,,,,,,,,,
,,선생님,"선생님이 경북대 화학공학과 학생부 종합전형으로 합격한 사례들을 한번 찾아서 비교해서 보여주는게 더 정확할 것 같아. 그러면 지금 성적이 많이 불리한건지 아닌지, 또 보완할 수 있는 부분이 있을지 찾을 수 있을 것 같은데 어떄?",,,,,,,,,,,
,,학생,네 저 진짜 경북대 화학공학과 가고 싶어요...,,,,,,,,,,,
,,선생님,알겠어 선생님이 자료 확인해서 상담 시간에 꼼꼼히 확인해보자.,,,,,,,,,,,
,,학생,감사합니다.,,,,,,,,,,,
081,고교학점제,선생님,어서 오렴. 그동안 잘 지냈지? 오늘은 뭘 도와줄까?,,,,,,,,,,,
,,학생,"선생님 , 고교학점제가 시행된다고 하는데, 도데체 고교학점제가 무엇인지, 또 과목명도 무지 많아서 헷갈리구요, 게다가 성취도니, 석차 등급이니 하는 것도 잘 모르겠어요",,,,,,,,,,,
,,선생님,은서가 고등학생이 되면서 이제 슬슬 대학 진학에 관심을 갖고 있구나,,,,,,,,,,,
,,학생,당연하지요. 저도 대학에 가고 싶으니까요,,,,,,,,,,,
,,선생님,"그럼 선생님과 함께 고교학점제가 무엇인지, 어떤 과목들을 선택할 수 있는지, 선택할 때 어떤 점을 고려해야 하는지, 또 성취 평가제 라는 말이 있는데, 여기에서 다루는 용어에 대해 함께 알아보자",,,,,,,,,,,
082,고교학점제,선생님,어서 오렴. 그동안 잘 지냈지? 오늘은 뭘 도와줄까?,,,,,,,,,,,
,,학생,"선생님. 내년에 배울 과목을 선택하라고 하는데, 어떤 과목을 선택해야 할지 모르겠어요.",,,,,,,,,,,
,,선생님,우리 은서가 이제 하나씩 하나씩 과목을 선택할 시기가 와서 고민이구나.,,,,,,,,,,,
,,학생,왜 이렇게 선택하라고 하는지 모르겠어요. 그냥 정해주면 안되는 건가요?,,,,,,,,,,,
,,선생님,"응. 과목 선택은 학생마다 진로가 다르기 때문에, 그 진로에 맞춰 과목을 선택하는게 학생에게 좋기 때문이야~ 은서는 어떤 분야, 학과를 생각하고 있니?",,,,,,,,,,,
,,학생,저는 이과쪽 이기는 한데요. 공대를 사실 마음에 두고 있어요,,,,,,,,,,,
,,선생님,"공대.  좋지. 은서에게 어울릴 듯한데. 공대를 가려면 일단 공대에서 권장하는 과목,  기본적으로 수학 공부를 많이 해야 하고, 과학에서 물리와 화학은 거의 필수 이지",,,,,,,,,,,
,,학생,"그럼, 수학, 과학 과목 위주로 선택하면 되겠네요",,,,,,,,,,,
,,선생님,그럼 선생님과 함께 하나씩 하나씩 알아볼까?,,,,,,,,,,,
083,고교학점제,선생님,고교학점제를 통해 원하는 과목을 자유롭게 선택할 수 있게 되었어요. 선택 과목은 어떻게 계획하고 있나요?,,,,,,,,,,,
,,학생,사실 아직 뭘 선택해야 할지 고민 중이에요. 어떤 과목이 제 진로에 도움이 될지 잘 모르겠어요.,,,,,,,,,,,
,,선생님,진로를 먼저 정리한 다음 그와 관련된 과목을 선택하는 것이 중요해요. 진로가 어느 방향인가요?,,,,,,,,,,,
,,학생,심리학에 관심이 있어서 그 쪽으로 생각하고 있어요.,,,,,,,,,,,
,,선생님,"심리학과 관련된 과목으로는 사회학이나 윤리학, 그리고 생명과학도 도움이 될 수 있어요. 심리학은 인간 행동과 뇌의 작동을 이해하는 학문이기 때문에 다양한 과목이 관련이 있어요.",,,,,,,,,,,
,,학생,생명과학은 어려워서 자신이 없어요. 꼭 들어야 할까요?,,,,,,,,,,,
,,선생님,심리학의 일부 분야에서는 뇌 과학에 대한 이해가 필요하기도 해요. 꼭 전공하지 않더라도 기본 지식을 쌓아두면 도움이 될 거예요.,,,,,,,,,,,
,,학생,그럼 생명과학도 선택해야겠네요.,,,,,,,,,,,
,,선생님,"네, 그리고 흥미 있는 과목도 한두 가지 선택해서 균형을 맞추는 게 좋아요. 과목 선택은 너무 한쪽으로 치우치지 않도록 하는 게 중요해요.",,,,,,,,,,,
084,고교학점제,선생님,"고교학점제에 따라 성취도 평가가 중요한데, 어떻게 준비하고 있나요?",,,,,,,,,,,
,,학생,성취도 평가 방식이 아직도 헷갈려요. 어떻게 성적에 반영되는 건가요?,,,,,,,,,,,
,,선생님,성취도 평가는 학생의 학습 이해도와 수행평가를 종합적으로 평가하는 방식이에요. 특히 수업에서의 참여도와 과제 완성도가 중요한 역할을 해요.,,,,,,,,,,,
,,학생,그럼 수업 시간에 더 적극적으로 참여해야겠네요.,,,,,,,,,,,
,,선생님,"맞아요. 수업 시간에 질문을 많이 하고, 발표도 자주 하는 게 성취도 평가에 좋은 영향을 미쳐요.",,,,,,,,,,,
,,학생,"발표가 좀 어려운데, 꼭 해야 하나요?",,,,,,,,,,,
,,선생님,"발표는 자신감을 키울 수 있는 좋은 기회예요. 처음에는 어렵겠지만, 자주 하다 보면 점점 나아질 거예요.",,,,,,,,,,,
,,학생,알겠습니다. 그럼 수업 참여를 더 신경 써야겠네요.,,,,,,,,,,,
,,선생님,"네, 그리고 과제는 마감 기한을 잘 지켜서 제출하는 것도 중요해요. 성취도 평가에서는 과제의 질도 중요한 평가 요소예요.",,,,,,,,,,,
,,학생,"네, 과제도 꼼꼼히 준비할게요.",,,,,,,,,,,
,,선생님,그렇게 하면 성취도 평가에서 좋은 결과를 얻을 수 있을 거예요.,,,,,,,,,,,
085,고교학점제,선생님,"안녕하세요, 현이 학생. 상담 신청했다는 소식을 듣고 기다리고 있었어요. 오늘 어떤 이야기를 나누고 싶나요?",,,,,,,,,,,
,,학생,"안녕하세요, 선생님. 제가 고교학점제에 대해 궁금한 게 많아서요. 앞으로 어떻게 과목을 선택해야 할지 고민이 돼요.",,,,,,,,,,,
,,선생님,그렇군요. 우선 현이 학생의 희망 진로나 관심 있는 계열이 있나요?,,,,,,,,,,,
,,학생,저는 국제정치경제학 쪽으로 관심이 많아서 국제정치학이나 국제관계학을 전공하고 싶어요.,,,,,,,,,,,
,,선생님,멋진 목표를 가지고 있네요! 그 분야에 관심을 갖게 된 특별한 계기가 있나요?,,,,,,,,,,,
,,학생,"네, 국제 뉴스를 보면서 세계 정세에 관심이 생겼고, 국제기구에서 일하고 싶다는 생각을 했어요.",,,,,,,,,,,
,,선생님,훌륭해요. 그럼 해당 분야에 도움이 되는 과목들을 선택하는 게 중요하겠네요. 혹시 필요한 과목들이 무엇인지 알고 있나요?,,,,,,,,,,,
,,학생,"정확히는 모르겠지만, 사회나 역사, 그리고 외국어 과목들을 선택해야 할 것 같아요.",,,,,,,,,,,
,,선생님,"맞아요. 특히 정치와 법, 세계사, 경제 과목이 도움이 될 거예요. 그리고 제2외국어도 고려해보는 게 좋아요. 예를 들어 중국어나 스페인어 같은 언어가 국제 기구에서 유용하게 쓰일 수 있어요.",,,,,,,,,,,
,,학생,"아, 제2외국어가 중요한 이유가 있었군요. 선생님 근데가장궁금한게 좋은학교 가는거니까요~그런데 진로 선택 과목의 성취도가 대학 입시에 어떻게 반영되나요?",,,,,,,,,,,
,,선생님,"좋은 질문이에요. 진로 선택 과목은 성취도별로 A, B, C 등급으로 평가되는데, 이는 생활기록부에 기재되고 대학 입시에서도 반영됩니다. 성취도가 높을수록 유리하죠.",,,,,,,,,,,
,,학생,그럼 성취도를 높이기 위해서는 어떻게 해야 할까요?,,,,,,,,,,,
,,선생님,"평가 방식이 서술형이나 논술형으로 다양해졌기 때문에, 깊이 있는 학습이 필요해요. 또한, 학교생활기록부에 기재될 활동들도 적극적으로 참여하면 좋아요.",,,,,,,,,,,
,,학생,이해됐어요. 고등학교 편제표는 어떻게 활용하면 될까요?,,,,,,,,,,,
,,선생님,편제표는 학교에서 개설된 과목들을 확인할 수 있는 자료인데요. 여기서 본인의 진로와 관련된 과목들을 선택하는 게 중요해요.,,,,,,,,,,,
086,고교학점제,학생,"선생님, 안녕하세요~! 선생님, 저 학습 고민이 있어서 찾아왔어요.",,,,,,,,,,,
,,선생님,"안녕, 현이야. 어떤고민이니?",,,,,,,,,,,
,,학생,저는 변화하는 고교학점제 시기에 학교에 편제된 과목에서 점수를 잘받기 위해 구체적으로 진로 연결 학업 계획서를 세워보고싶어요.,,,,,,,,,,,
,,선생님,진로 학업 계획서를 작성해보는 것도 도움이 될 거예요. 자신의 목표와 선택 과목을 어떻게 연계시킬지 구체적으로 생각해볼 수 있죠.,,,,,,,,,,,
,,학생,아 정말요? 그러면 진로 학업 계획서는 어떻게 작성해야 하나요?,,,,,,,,,,,
,,선생님,"자신의 진로 목표를 먼저 명확히 한 다음, 그에 맞는 선택 과목과 학습 전략을 구체적으로 작성하면 돼요. 예를 들어, 국제정치학을 목표로 한다면 관련 과목에서 어떤 역량을 키울지, 또 어떤 활동에 참여할지 계획하는 거예요.",,,,,,,,,,,
,,학생,"선생님, 방금 말씀하신 학업 계획서를 작성할 때, 단순히 과목 이름만 나열하는 것보다 구체적인 학습 목표나 활동 계획을 적는 게 더 좋겠죠?",,,,,,,,,,,
,,선생님,"네, 맞아요. 단순히 과목 이름만 적는 것보다는, 각 과목에서 어떤 역량을 키우고 싶은지, 예를 들어 정치 과목에서는 논리적 사고나 비판적 분석 능력을 키운다든지, 역사 과목에서는 다양한 관점을 이해하는 능력을 강화하겠다든지, 구체적으로 적어주는 것이 더 좋아요. 그리고 활동 계획도 함께 작성하면 대학 입학사정관들이 학생의 학습 의지를 더 잘 이해할 수 있죠.",,,,,,,,,,,
,,학생,"활동 계획이라면, 어떤 활동들이 도움이 될까요? 학교에서 할 수 있는 활동이 생각보다 제한적인 것 같아서요.",,,,,,,,,,,
,,선생님,"학교 내에서도 다양한 활동들이 있지만, 외부 활동도 괜찮아요. 물론 학교생활기록부에는 이제 작성이 안되서 많이 안하는 경향이 있지만, 다양한 경험을 위해 이런것들을 접하는게 중요하다고 봐요. 예를 들어, 모의 유엔 회의나 국제 관계와 관련된 토론 대회, 봉사 활동 등도 도움이 될 수 있어요. 또, 독서 활동도 중요해요. 국제 정치나 경제와 관련된 책들을 읽고 느낀 점을 정리해두면 자기소개서 작성에도 도움이 되지요.",,,,,,,,,,,
,,학생,"아, 독서 활동도 중요하군요. 그럼 진로와 관련된 책들은 어떻게 찾으면 좋을까요? 선생님이 추천해 주실 만한 책이 있을까요?",,,,,,,,,,,
,,선생님,"네, 진로와 관련된 책들은 도서관에서 찾아보거나, 관련 분야의 전문가들이 추천하는 책 리스트를 참고해보면 좋아요. 또, 시사 잡지나 영어로 된 ted를 보면서 정보를 접하는거 좋아요.  꾸준히 읽는 것도 도움이 돼요. 다양한 관점에서 세계 정세를 이해할 수 있거든요. 물론 ‘독서’분야가 학교생활기록부에 기재안되지만 독서는 문해력의 바탕이므로 비판적 사고력을 키우는데 반드시 도움이 되는 밑거름이지요.",,,,,,,,,,,
,,학생,"감사합니다. 꼭 명심할게요. 방학 같은데 읽아보도록 할게요. 그런데, 제가 성적에 대해 조금 걱정이 돼요. 만약 특정 과목에서 성적이 잘 나오지 않으면 어떻게 해야 하나요?",,,,,,,,,,,
,,선생님,"성적이 잘 나오지 않을 때는 먼저 그 과목에서 부족한 부분을 분석해보는 게 중요해요. 어느 부분에서 어려움을 느끼는지 파악하고, 선생님이나 친구들에게 도움을 요청하는 것도 좋은 방법이에요. 그리고 복습이나 추가 학습을 통해 점차 개선해나가면 돼요. 모든 과목에서 완벽한 성적을 내기보다는, 꾸준히 성장하는 모습을 보여주는 것이 중요하답니다. 샘이 이어서 학업상담에 있어 다음 상담에 자세히 또 얘기해줄게요.",,,,,,,,,,,
,,학생,"감사합니다, 선생님. 이제 좀 더보다  구체적인 계획을 세울 수 있을 것 같아요. 다음에 또 궁금한 점이 생기면 여쭤보러 오겠습니다.",,,,,,,,,,,
,,선생님,"언제든지 와서 물어봐요. 응원할게요, 현이야.",,,,,,,,,,,
087,고교학점제,학생,"선생님, 내년에 과목을 선택해야 한다고 하는데, 뭐부터 골라야 할지 정말 모르겠어요. 고교학점제가 뭐고, 과목도 너무 많아서 헷갈려요.",,,,,,,,,,,
,,선생님,고교학점제는 학생들이 자신이 원하는 진로에 맞춰서 과목을 선택해서 들을 수 있는 제도야. 그래서 네가 선택할 과목이 중요한 거지.,,,,,,,,,,,
,,학생,근데 왜 꼭 제가 선택해야 하는 거죠?> 그냥 학교에서 정해주면 더 쉽고 빠르고 편할 거 같은데...,,,,,,,,,,,
,,선생님,"너의 말도 이해 돼. 하지만, 학생마다 원하는 진로가 다르잖아. 그래서 각자의 진로에 맞는 과목을 선택하는 게 더 도움이 될 거야. 혹시 어떤 분야나 학과에 관심이 있는지 물어봐도 될까?",,,,,,,,,,,
,,학생,저는 이과 쪽이 마음에 들어요. 특히 공대를 생각하고 있어요.,,,,,,,,,,,
,,선생님,"그럼, 공대에서 중요하게 여기는 과목들을 중심으로 선택하면 좋겠구나. 예를 들어, 수학과 과학이 기본인데, 특히 수학은 미적분이나 확률과 통계, 과학에서는 물리와 화학이 권장되는 과목이야.",,,,,,,,,,,
,,학생,그럼 수학이랑 과학 위주로 선택하면 될까요?,,,,,,,,,,,
,,선생님,"맞아. 하지만 그 뿐만이 아니라, 네가 어떤 과목을 좋아하는지, 또는 잘할 수 있는 과목들도 고려해야 해. 성취도 평가도 중요하거든.",,,,,,,,,,,
,,학생,성취도 평가? 그게 뭐예요?,,,,,,,,,,,
,,선생님,"쉽게 말하면, 너의 성적이 절대평가로 표시되는 거야. A, B, C처럼 네가 그 과목에서 얼마나 잘했는지를 나타내는 평가 방식이야. 그게 대학 진학에도 중요한 자료가 될 수 있지.",,,,,,,,,,,
,,학생,그렇군요. 그럼 과목을 잘 선택해서 좋은 성취도를 얻는 게 중요할 거 같아요.,,,,,,,,,,,
,,선생님,"맞아, 네가 좋아하는 과목이나 관심있는 분야, 잘하는 과목 등에서 더 열심히하면 성취도가 자연스럽게 올라갈거야. 과목을 선택할 떄 그런 부분을 잘 고려하자.",,,,,,,,,,,
,,학생,넵 알겠습니다! 선생님! 감사합니다.,,,,,,,,,,,
088,고교학점제,학생,"선생님, 대학 가려면 어떤 과목을 선택해야 할지 잘 모르겠어요. 희망하는 계열에 맞춰서 권장되는 과목이 있나요?",,,,,,,,,,,
,,선생님,물론이지. 네가 어떤 계열을 희망하는지에 따라 선택해야 하는 과목들이 달라져. 혹시 관심 있는 계열이나 전공이 있니?,,,,,,,,,,,
,,학생,"저는 공학 계열에 관심이 있어요. 공대를 목표로 하고 있는데, 어떤 과목을 들어야 할까요?",,,,,,,,,,,
,,선생님,"공대를 목표로 한다면 수학과 과학 과목이 기본이야. 특히 수학에서 미적분이나 확률과 통계, 과학에서는 물리와 화학을 선택하는 게 유리해. 이 과목들은 공학 계열에서 필수적으로 요구되는 경우가 많아.",,,,,,,,,,,
,,학생,"그럼 미적분이랑 물리, 화학 같은 과목들을 들어야겠네요?",,,,,,,,,,,
,,선생님,"맞아. 그리고 대학마다 요구하는 과목이 다를 수 있으니까, 네가 목표하는 대학의 입학 전형을 미리 확인해보는 것도 좋아. 전공에 따라 세부 과목이 다를 수 있거든.",,,,,,,,,,,
,,학생,아 그럼 제가 가고 싶은 대학의 전형도 한번 찾아볼게요. 감사합니다. 선생님,,,,,,,,,,,
089,고교학점제,선생님,무슨 일로 상담을 신청했어?,,,,,,,,,,,
,,학생,아 선생님 그 제가 지금 듣는 과목 중에 진로선택 과목이 있는데 성적 나오는 게 너무 좀 이상해요,,,,,,,,,,,
,,선생님,어떤 점이 이상하다고 생각했어?,,,,,,,,,,,
,,선생님,"원래는 1등급, 2등급 이렇게 나왔는데 이번에느 그냥 a예요. 다른 애들이랑 비교도 안되고...",,,,,,,,,,,
,,학생,"아, 성취평가제 때문에 그런거구나. 진로선택과목은 평가 방식이 달라.",,,,,,,,,,,
,,선생님,그럼 대학 갈 때는 어떻게되는거예요? a 받은 애들이랑 c 받은 애들이 똑같이 되는 건가요?,,,,,,,,,,,
,,학생,"그건 아니야. 대학마다 반영 방식이 조금씩 달라. 우리가 한번 자세히 알아볼까? 다음 상담에서는 네가 듣는 과목들의 성취도별 비율이 어떤지, 그리고 그게 실제 대입에서는 어떻게 반영되는지 구체적으로 알아보자.",,,,,,,,,,,
,,선생님,넵 알겠습니다.,,,,,,,,,,,
090,고교학점제,학생,선생님 고교학점제가 뭐예요?,,,,,,,,,,,
,,선생님,"쉽게 말하면 대학생들처럼 고등학생들도 배우고 싶은 과목을 선택할 수 있고, 과목에서 필요한 학점을 따내야 해. 그리고 지금은 출석만 잘해도 졸업을 할 수 있지만 고교학점제는 커트라인 학점 즉 점수를 넘겨야지만 졸업이 가능해 말로만 들으면 무섭지?",,,,,,,,,,,
,,학생,헉.. 점수 못 따면 졸업을 못 한다고요?,,,,,,,,,,,
,,선생님,"말로만 들으면 엄청 어려울 것 같지만 지금처럼 학교 잘 나오고, 수행평가, 활동, 시험 잘 준비하면 돼. 다만 지금까지는 학교에서 정해주는 시간표대로 지냈다면 앞으로는 학생이 본인의 계획에 따라 수업을 선택할 수 있다는 게 포인트지",,,,,,,,,,,
,,학생,어려워요… ,,,,,,,,,,,
,,선생님,걱정할 것 없어. 필수로 들어야 하는 과목 외에는 내가 관심 있는 수업으로 선택해서 지금처럼 학교생활 잘 하면 되거든. 어려운 것 생기면 담임 선생님이나 내게 와서 도움을 받아도 되고!,,,,,,,,,,,
,,학생,그럼 그 학점이란 점수를 못 따면 진짜 졸업 못하는 건가요?,,,,,,,,,,,
,,선생님,결과적으론 맞아 졸업을 못해. 하지만 말했다시피 지금처럼 학교생활 잘하면 졸업엔 문제 없어. 혹시나 점수가 부족하다면 보충수업이나 학점을 보충할 수 있는 기회들을 잘 이용하면 돼,,,,,,,,,,,
091,고교학점제,학생,선생님 편제표를 보고서 과목 신청 계획서를 작성해야 하는데 모르겠어요.,,,,,,,,,,,
,,선생님,편제표가 무엇인지 이해는 가니?,,,,,,,,,,,
,,학생,그냥 과목명이랑 1학년부터 3학년 몇시간 배우는지 뭐 그런거 적혀있던데요.,,,,,,,,,,,
,,선생님,오~ 맞아 3년동안 학교에서 배우는 교육과정을 표로 보여준 거야! 숫자는 시간이나 학점을 의미해서 잘 봐야 해,,,,,,,,,,,
,,학생,과목 신청 계획은 어딜 보면 되는 거예요?,,,,,,,,,,,
,,선생님,"자 우선 학교에서 필수로! 공통으로 지정하는 과목들이 있어. 이 부분은 학교에서 정해주는 대로 하면 돼. 따로 OO이가 결정할 게 없어. 그리고 중요한건 이 아래 부분인데, 택1, 택2로 되어 있지? 이걸 OO이가 선택하면돼. 한 학기 동안 1가지를 선택해서 수업을 이수하면 되는 거야. ",,,,,,,,,,,
,,학생,이 숫자들은요?,,,,,,,,,,,
,,선생님,응 과목 옆에 있는 숫자는 필수로 이수해야 하는 학점이야. 예를 들어서 국어는 졸업까지 10학점을 이수하면 된다는 뜻이지. 3년 동안 192학점을 얻어야 졸업이 가능하구!,,,,,,,,,,,
092,고교학점제,선생님,오늘 과목 선택 관련해서 상담 신청했지?,,,,,,,,,,,
,,학생,네.. 감이 안 와서요,,,,,,,,,,,
,,선생님,OO아 과목을 선택하기 전에 너가 희망하는 대학교나 과가 있다면 더 좋을 것 같은데 있을까?,,,,,,,,,,,
,,학생,저는 법의학자가 되고 싶어서요. 의대 진학을 목표하고 있어요. ,,,,,,,,,,,
,,선생님,그럼 선생님이 사이트를 하나 알려줄게. 고교학점제라는 사이트인데. 잘봐? 고교학점제 운영 > 교육과정과목안내 > 대학전공별 고등학교 참고자료 > 자연과학 > 의료보건 이렇게 눌러주면 어느 과목을 준비하면 더 유리한지 알 수 있거든.,,,,,,,,,,,
,,학생,우와 사실 기준이 없어서 선택이 힘들었는데 이거 보면 그래도 도움이 될 것 같아요,,,,,,,,,,,
,,선생님,"응응 이거 보고 과목 선택하고, 선택한 이유 준비해서 다시 상담 하자!",,,,,,,,,,,
093,고교학점제,학생,"안녕하세요, 고교학점제 때문에 상담 받고 싶어서 왔어요.",,,,,,,,,,,
,,선생님,"그래, 고교학점제의 무엇이 궁금하니?",,,,,,,,,,,
,,학생,무엇보다도 선택과목이죠. 선택과목을 결정해야 하니까요.,,,,,,,,,,,
,,선생님,OO이는 어떤 진로 목표를 가지고 있니?,,,,,,,,,,,
,,학생,저는 역사를 전공하고 싶긴 해요.,,,,,,,,,,,
,,선생님,"역사! 사학 전공을 생각하고 있구나. 관련 선택과목이 무엇이 있을지 살펴볼까? 우선 일반선택과목을 살펴본 후에, 진로선택과목까지 살펴보자. ",,,,,,,,,,,
,,학생,"네, 그런데 선생님. 우리 학교에 제가 선택한 과목이 개설되지 않으면 어떡하죠?",,,,,,,,,,,
,,선생님,"그것 또한 대안이 있어. 오늘 상담 시간에는 고교학점제에 대해서 전반적으로 알아보고, 선택과목도 정해 보자.",,,,,,,,,,,
094,고교학점제,선생님,"OO아, 안녕! 오늘은 학업계획서를 보며 상담을 시작해 보자.",,,,,,,,,,,
,,학생,네. 아직 다 쓰진 못했는데요...,,,,,,,,,,,
,,선생님,"우선, 나의 진로 희망이 무엇인지를 정해야겠지? 거기서부터 학업계획이 시작되는 거야.",,,,,,,,,,,
,,학생,나의 진로 희망을 정해야 어떤 학과에 진학할지 나오겠네요.,,,,,,,,,,,
,,선생님,"바로 그거야. 고등학교 3년 동안 학교에서 뭘 하며 보낼지를 정하려면, 우선 가장 궁극적인 목표를 먼저 설정해야 하는 거지.",,,,,,,,,,,
,,학생,나의 진로 희망과 희망 진학 학과를 이렇게 작성해 봤어요.,,,,,,,,,,,
,,선생님,좋아. 그럼 해당 학과에 진학하기 위해 고등학교에서 배워야 할 교과목을 생각해 보자. 이렇듯 학업계획서는 가장 중요한 목표로부터 하위 목표로 내려간다고 생각하면 돼.,,,,,,,,,,,
,,학생,네.,,,,,,,,,,,
,,선생님,"그럼 교과목은... 고등학교 3년간 내가 이수할 것들을 1, 2학기로 구분해서 선택해 보자. 서로 위계가 있는 과목들이나, 묶어서 이수할 수 있는 과목들이 있다는 것도 알고 있니? 이런 것들을 고려해서 학업계획서를 작성하면 더욱 좋겠지?",,,,,,,,,,,
095,고교학점제,학생,선생님 저 응급의학과 가려고 하는데 어떤 선택과목을 들어야 할지 너무 고민돼요,,,,,,,,,,,
,,선생님,응급의학과를 목표로 하고 있구나! 아직 전형은 어떤걸로 지원할 지 정하지는 않았고?,,,,,,,,,,,
,,학생,"네 그건 정확히 정한건 없는데, 아마 수시로 갈 것 같긴 해요. 모의고사는 성적이 더 낮아서요",,,,,,,,,,,
,,선생님,"그렇구나 우선 08이가 가고싶은 학과를 확실하게 정해둔 상태면 대학마다 알려주는 권장 과목이 있는데, 그걸 참고하면 도움이 될거야. 그거랑 같이 08이 성적도 확인해서 어떤게 유리할지 판단해보는 거지. 내신은 어떄?",,,,,,,,,,,
,,학생,저 내신은 1학년때는 5.1이고 지금 1학기도 5점 초반이에요,,,,,,,,,,,
,,선생님,그래 성취평가제니까 08이가 성적을 잘 받을 수 있는 유리한 과목인지도 판단해야하니까 선생님이랑 시간내서 한번 확인해보고 선택하면 될 것 같아. 또 궁금한 거 있니?,,,,,,,,,,,
,,학생,아니요! 지금 선택과목이 제일 급해서요. 감사합니다!,,,,,,,,,,,
096,고교학점제,학생,그래 08이는 선택과목 정하는 데에 어려움은 없어?,,,,,,,,,,,
,,선생님,"쌤 저 지구환경과학과 가려고해서 계획은 생각해둔게 있거든요? 근데, 수요조사를 보니까 생각보다 인원이 줄어서 걱정돼서요",,,,,,,,,,,
,,학생,과탐이 중요한데 예상보다 수요조사 결과가 달라서 당황했겠다. 어떤 과목이었어?,,,,,,,,,,,
,,선생님,"생명인데요 1학기때는 160명 이었는데 2학기 되니까 40명으로 줄었어요. 지금 성적으로 보면 2학기때 1,2등급 맞을 자신이 없어서 어떻게 하면 좋을지 진짜 모르겠어요. 생명 1학기에 두면 고3때 고급지구과학 못 듣는데 저는 이거 꼭 듣고 싶거든요",,,,,,,,,,,
,,학생,08이가 가고 싶은 학과를 생각하면 고급지구과학이 우선순위가 가장 높겠다. 다른 과목이랑 비교해서 유불리를 따져보고 최선의 방향으로 선택하는게 맞겠어. 선생님이 08이 성적이나 지구환경과학과 관련해서 권장과목 참고해서 같이 좋은 방법을 찾아보자,,,,,,,,,,,
,,선생님,네 저는 학과는 무조건이니까 최대한 유리하게 선택하고 싶어요,,,,,,,,,,,
,,학생,그래 이따 선생님이랑 꼼꼼히 방법을 찾아보는걸로 하자,,,,,,,,,,,
097,고교학점제,학생,쌤 저 선택과목 아직도 못정했어요 도와주세요..,,,,,,,,,,,
,,선생님,08이 많이 급하겠다. 일단 진로는 생각해둔 것 있니?,,,,,,,,,,,
,,학생,"네 저는 세무사, 공인중개사 관련 직업으로 희망하고 있는데, 미적분을 들어야 하는지 궁금해서요. 그외에도 추천 받고 싶어요",,,,,,,,,,,
,,선생님,그래 세무사랑 공인중개사구나. 우선 관련된 학과에서 권장하는 과목을 중심으로 확인해보자. 그 중에 미적분이 있는지도 보고 선택할 수 있는 과목을 골라보는거야. 미적분 말고 다른 과목도 검토해보려면 선생님이 08이 성적이랑 수요조사 자료도 같이 봐야할 것 같은데 시간 짧게 내서 상담 해볼까?,,,,,,,,,,,
,,학생,네네 저 최대한 유리한 과목으로 고르려구요,,,,,,,,,,,
,,선생님,알겠어 이따 선생님이랑 검토해보자,,,,,,,,,,,
,,학생,넵 감사합니다.,,,,,,,,,,,
098,고교학점제,학생,선생님 저 선택과목 바꾸고 싶은데 어떻게 하죠,,,,,,,,,,,
,,선생님,08아 선택과목때문에 고민이 많은 것 같아. 지금 가장 고민인 부분이 뭘까?,,,,,,,,,,,
,,학생,저 지금은 화학 생물 지구과학을 수강하고 있는데 셍명과학이 너무 공부하기도 힘들고 마킹 실수해서 이번에 5등급이 돼버렸어요. 그래서 뭔가 더 공부하기도 두렵고 제 진로랑 관련도 없어서 바꾸고 싶어요.,,,,,,,,,,,
,,선생님,성적도 기대한 만큼 나오지 않아서 실망하고 진로랑도 연관도가 낮아보여서 흥미가 떨어졌구나. 그럴 수 있어. 지금 바꾸고 싶은 선택과목은 어떤 과목이야?,,,,,,,,,,,
,,학생,2학기에 세계지리로 바꿀까 생각해봤어요. 원래 좋아하던 과목이라서 선택할까 하는데 나중에 학종으로 갈때 안좋은 영향을 끼칠까봐 선뜻 선택을 못하겠더라구요. 근데 저는 이과고 진로는 화학관련이라 위험한 선택을 하는 걸까봐 너무 복잡해요. 이게 싫어해서 바꾸는 것처럼 보일까봐서요,,,,,,,,,,,
,,선생님,입시전형에 부정적일까봐 걱정했구나. 그럴 수 있어. 우선 목표하는 화학 관련으로 권장 과목을 확인해보자. 그런 다음에 필수로 챙겨야할 부분과 아닌 부분을 검토해 보는거지. 그리고 생각보다 과목을 바꾸려는 학생들이나 진로가 바뀌는 학생들은 많아. 선생님이랑 상담하면서 고민을 하나하나 풀어보자.,,,,,,,,,,,
,,학생,네 감사합니다. 진짜 입시 생각하면서 과목 선택하고 하는게 너무 힘들어요,,,,,,,,,,,
,,선생님,맞아 선택하는 건 정말 어렵지. 그럴땐 하나씩 짚어가면서 차근차근히 생각해보면돼. 너무 걱정하지 말고 상담하면서 해결해보자,,,,,,,,,,,
,,학생,네.. 감사합니다.,,,,,,,,,,,
099,고교학점제,선생님,그래 08이는 선택과목 정하는 거 괜찮아?,,,,,,,,,,,
,,학생,쌤 안그래도 저 약간 고민돼서요,,,,,,,,,,,
,,선생님,어떤 부분이 가장 고민돼?,,,,,,,,,,,
,,학생,지금 약사가 되고 싶은데 결정한지 얼마 안돼서 1학년 1학기 성적이 별로 안좋아서요. 부족한 건 아는데 이번 학기에는 성적이 오르긴 했거든요. 일단 평균 3등급 중반이 나올 것 같아서 조금 걱정이에요. 생기부는 다 약대로 쓰고 있는데 성적도 걱정되고. 꼭 되고 싶어서요,,,,,,,,,,,
,,선생님,그래 08이가 약사가 되고 싶은데 성적때문에 고민하고 있구나. 확실히 성적도 높아야 하는 편이지. 하지만 입시 전형마다 평균 내신이 조금씩 다르기도 하니까 우선 최선을 다해서 공부하는 것이 중요해. 그리고 권장하는 과목을 선택하는 것도. 비슷한 분야의 학과들은 권장 과목도 비슷하니까 포괄적으로 판단해봐도 좋을 것 같아.,,,,,,,,,,,
,,학생,근데 약대 못가면 약사 못하는 거 아니에요?,,,,,,,,,,,
,,선생님,쉬운 길은 아니지. 하지만 포기하라는 건 아니야. 약대를 목표로 공부하면서 다른 대안도 함께 고려할 수 있다면 나중에 08이가 원서 넣을 때 고민하는 시간을 줄여줄 수도 있어. 아예 연관이 없는 학과가 아니라 비슷하거나 같은 계열이면 준비한 것들로 지원하는 데에 어색하지 않을 거야.,,,,,,,,,,,
,,학생,알겠습니다. 일단 공부는 계속하고 선택과목 정하는거 도와주셨으면 좋겠어요,,,,,,,,,,,
,,선생님,그래! 약대랑 가장 비슷한 화학이나 생명과학같이 과학이나 의학 계열로 폭넓게 검토해보면서 도움을 줄 수 있을 것 같네,,,,,,,,,,,
,,학생,네네 그럼 이따 뵐께요.,,,,,,,,,,,
100,고교학점제,학생,쌤 2학년때 선택과목 뭐할지 모르겠어요. 중앙대 소프트웨어 학부쪽을 목표로하는데 뭐가 좋을까요?,,,,,,,,,,,
,,선생님,08이는 대학이랑 학부도 목표가 명확하네! 그럼 소프트웨어 학과의 추천과목을 선생님이 알려줄 수 있을 것 같아.,,,,,,,,,,,
,,학생,근데 제가 성적이 막 그렇게 높은 편이 아니니까 어떤 과목 선택했다가 괜히 성적 낮아질까봐 조금 걱정이에요,,,,,,,,,,,
,,선생님,그래? 그럼 08이는 목표가 명확하니까 선생님이 08이 성적이랑 과목 수요조사랑 비교해서 어떤게 더 유리할지 잠깐 시간내서 선생님이랑 상담하면 좋을 것 같은데?,,,,,,,,,,,
,,학생,오 좋아요 그럼 그렇게 할게요. 딱히 진로나 생각하는 학과가 바뀔일은 없어서요.,,,,,,,,,,,
,,선생님,알겠어 그럼 이따 보는걸로 하자,,,,,,,,,,,
,,학생,넵 감사합니다,,,,,,,,,,,
,,,,,,,,,,,,,,
,,,,,,,,,,,,,,
,,,,,,,,,,,,,,
,,,,,,,,,,,,,,
,,,,,,,,,,,,,,
,,,,,,,,,,,,,,
,,,,,,,,,,,,,,
,,,,,,,,,,,,,,
,,,,,,,,,,,,,,
,,,,,,,,,,,,,,
,,,,,,,,,,,,,,
,,,,,,,,,,,,,,
,,,,,,,,,,,,,,
,,,,,,,,,,,,,,
,,,,,,,,,,,,,,
,,,,,,,,,,,,,,
,,,,,,,,,,,,,,
,,,,,,,,,,,,,,
,,,,,,,,,,,,,,
,,,,,,,,,,,,,,
,,,,,,,,,,,,,,
,,,,,,,,,,,,,,
,,,,,,,,,,,,,,
,,,,,,,,,,,,,,
,,,,,,,,,,,,,,
,,,,,,,,,,,,,,
,,,,,,,,,,,,,,
,,,,,,,,,,,,,,
,,,,,,,,,,,,,,
,,,,,,,,,,,,,,
,,,,,,,,,,,,,,
,,,,,,,,,,,,,,
,,,,,,,,,,,,,,
,,,,,,,,,,,,,,
,,,,,,,,,,,,,,
,,,,,,,,,,,,,,
,,,,,,,,,,,,,,
,,,,,,,,,,,,,,
,,,,,,,,,,,,,,
,,,,,,,,,,,,,,
,,,,,,,,,,,,,,
,,,,,,,,,,,,,,
,,,,,,,,,,,,,,
,,,,,,,,,,,,,,
,,,,,,,,,,,,,,
,,,,,,,,,,,,,,
,,,,,,,,,,,,,,
,,,,,,,,,,,,,,
,,,,,,,,,,,,,,
,,,,,,,,,,,,,,
,,,,,,,,,,,,,,